membershipID,placeID,pilgrimageKey,pilgrimageName,siteNumber,siteNumberLabel,status,sourceURL,verifiedAt,notes
saigoku33-01,jp-pilgrimage-saigoku33-01,saigoku33,西国三十三所,1,第1番,open,https://saikoku33.gr.jp/place/1,2026-07-21,公式霊場会の正規札所。番外札所は含めない
saigoku33-02,jp-pilgrimage-saigoku33-02,saigoku33,西国三十三所,2,第2番,open,https://saikoku33.gr.jp/place/2,2026-07-21,公式霊場会の正規札所。番外札所は含めない
saigoku33-03,jp-pilgrimage-saigoku33-03,saigoku33,西国三十三所,3,第3番,open,https://saikoku33.gr.jp/place/3,2026-07-21,公式霊場会の正規札所。番外札所は含めない
saigoku33-04,jp-pilgrimage-saigoku33-04,saigoku33,西国三十三所,4,第4番,open,https://saikoku33.gr.jp/place/4,2026-07-21,公式霊場会の正規札所。番外札所は含めない
saigoku33-05,jp-pilgrimage-saigoku33-05,saigoku33,西国三十三所,5,第5番,open,https://saikoku33.gr.jp/place/5,2026-07-21,公式霊場会の正規札所。番外札所は含めない
saigoku33-06,jp-pilgrimage-saigoku33-06,saigoku33,西国三十三所,6,第6番,open,https://saikoku33.gr.jp/place/6,2026-07-21,公式霊場会の正規札所。番外札所は含めない
saigoku33-07,jp-nara-okadera,saigoku33,西国三十三所,7,第7番,open,https://saikoku33.gr.jp/place/7,2026-07-21,公式霊場会の正規札所。番外札所は含めない
saigoku33-08,jp-nara-hasedera,saigoku33,西国三十三所,8,第8番,open,https://saikoku33.gr.jp/place/8,2026-07-21,公式霊場会の正規札所。番外札所は含めない
saigoku33-09,jp-nara-kohfukuji,saigoku33,西国三十三所,9,第9番,open,https://saikoku33.gr.jp/place/9,2026-07-21,公式霊場会の正規札所。番外札所は含めない
saigoku33-10,jp-pilgrimage-saigoku33-10,saigoku33,西国三十三所,10,第10番,open,https://saikoku33.gr.jp/place/10,2026-07-21,公式霊場会の正規札所。番外札所は含めない
saigoku33-11,jp-pilgrimage-saigoku33-11,saigoku33,西国三十三所,11,第11番,open,https://saikoku33.gr.jp/place/11,2026-07-21,公式霊場会の正規札所。番外札所は含めない
saigoku33-12,jp-pilgrimage-saigoku33-12,saigoku33,西国三十三所,12,第12番,open,https://saikoku33.gr.jp/place/12,2026-07-21,公式霊場会の正規札所。番外札所は含めない
saigoku33-13,jp-pilgrimage-saigoku33-13,saigoku33,西国三十三所,13,第13番,open,https://saikoku33.gr.jp/place/13,2026-07-21,公式霊場会の正規札所。番外札所は含めない
saigoku33-14,jp-pilgrimage-saigoku33-14,saigoku33,西国三十三所,14,第14番,open,https://saikoku33.gr.jp/place/14,2026-07-21,公式霊場会の正規札所。番外札所は含めない
saigoku33-15,jp-pilgrimage-saigoku33-15,saigoku33,西国三十三所,15,第15番,open,https://saikoku33.gr.jp/place/15,2026-07-21,公式霊場会の正規札所。番外札所は含めない
saigoku33-16,jp-kyoto-kiyomizu-dera,saigoku33,西国三十三所,16,第16番,open,https://saikoku33.gr.jp/place/16,2026-07-21,公式霊場会の正規札所。番外札所は含めない
saigoku33-17,jp-pilgrimage-saigoku33-17,saigoku33,西国三十三所,17,第17番,open,https://saikoku33.gr.jp/place/17,2026-07-21,公式霊場会の正規札所。番外札所は含めない
saigoku33-18,jp-pilgrimage-saigoku33-18,saigoku33,西国三十三所,18,第18番,open,https://saikoku33.gr.jp/place/18,2026-07-21,公式霊場会の正規札所。番外札所は含めない
saigoku33-19,jp-pilgrimage-saigoku33-19,saigoku33,西国三十三所,19,第19番,open,https://saikoku33.gr.jp/place/19,2026-07-21,公式霊場会の正規札所。番外札所は含めない
saigoku33-20,jp-pilgrimage-saigoku33-20,saigoku33,西国三十三所,20,第20番,open,https://saikoku33.gr.jp/place/20,2026-07-21,公式霊場会の正規札所。番外札所は含めない
saigoku33-21,jp-pilgrimage-saigoku33-21,saigoku33,西国三十三所,21,第21番,open,https://saikoku33.gr.jp/place/21,2026-07-21,公式霊場会の正規札所。番外札所は含めない
saigoku33-22,jp-pilgrimage-saigoku33-22,saigoku33,西国三十三所,22,第22番,open,https://saikoku33.gr.jp/place/22,2026-07-21,公式霊場会の正規札所。番外札所は含めない
saigoku33-23,jp-pilgrimage-saigoku33-23,saigoku33,西国三十三所,23,第23番,open,https://saikoku33.gr.jp/place/23,2026-07-21,公式霊場会の正規札所。番外札所は含めない
saigoku33-24,jp-pilgrimage-saigoku33-24,saigoku33,西国三十三所,24,第24番,open,https://saikoku33.gr.jp/place/24,2026-07-21,公式霊場会の正規札所。番外札所は含めない
saigoku33-25,jp-pilgrimage-saigoku33-25,saigoku33,西国三十三所,25,第25番,open,https://saikoku33.gr.jp/place/25,2026-07-21,公式霊場会の正規札所。番外札所は含めない
saigoku33-26,jp-pilgrimage-saigoku33-26,saigoku33,西国三十三所,26,第26番,open,https://saikoku33.gr.jp/place/26,2026-07-21,公式霊場会の正規札所。番外札所は含めない
saigoku33-27,jp-pilgrimage-saigoku33-27,saigoku33,西国三十三所,27,第27番,open,https://saikoku33.gr.jp/place/27,2026-07-21,公式霊場会の正規札所。番外札所は含めない
saigoku33-28,jp-pilgrimage-saigoku33-28,saigoku33,西国三十三所,28,第28番,open,https://saikoku33.gr.jp/place/28,2026-07-21,公式霊場会の正規札所。番外札所は含めない
saigoku33-29,jp-pilgrimage-saigoku33-29,saigoku33,西国三十三所,29,第29番,open,https://saikoku33.gr.jp/place/29,2026-07-21,公式霊場会の正規札所。番外札所は含めない
saigoku33-30,jp-pilgrimage-saigoku33-30,saigoku33,西国三十三所,30,第30番,open,https://saikoku33.gr.jp/place/30,2026-07-21,公式霊場会の正規札所。番外札所は含めない
saigoku33-31,jp-pilgrimage-saigoku33-31,saigoku33,西国三十三所,31,第31番,open,https://saikoku33.gr.jp/place/31,2026-07-21,公式霊場会の正規札所。番外札所は含めない
saigoku33-32,jp-pilgrimage-saigoku33-32,saigoku33,西国三十三所,32,第32番,open,https://saikoku33.gr.jp/place/32,2026-07-21,公式霊場会の正規札所。番外札所は含めない
saigoku33-33,jp-pilgrimage-saigoku33-33,saigoku33,西国三十三所,33,第33番,open,https://saikoku33.gr.jp/place/33,2026-07-21,公式霊場会の正規札所。番外札所は含めない
bando33-01,jp-kanagawa-kamakura-sugimotodera,bando33,坂東三十三観音,1,第1番,open,https://bandou.gr.jp/temple/81/,2026-07-21,公式霊場会の正規札所。番外札所は含めない
bando33-02,jp-pilgrimage-bando33-02,bando33,坂東三十三観音,2,第2番,open,https://bandou.gr.jp/temple/%e6%b5%b7%e9%9b%b2%e5%b1%b1-%e5%b2%a9%e6%ae%bf%e5%af%ba%ef%bc%88%e5%b2%a9%e6%ae%bf%e8%a6%b3%e9%9f%b3%ef%bc%89/,2026-07-21,公式霊場会の正規札所。番外札所は含めない
bando33-03,jp-pilgrimage-bando33-03,bando33,坂東三十三観音,3,第3番,open,https://bandou.gr.jp/temple/%e7%a5%87%e5%9c%92%e5%b1%b1-%e5%ae%89%e9%a4%8a%e9%99%a2-%e7%94%b0%e4%bb%a3%e5%af%ba%ef%bc%88%e7%94%b0%e4%bb%a3%e8%a6%b3%e9%9f%b3%ef%bc%89/,2026-07-21,公式霊場会の正規札所。番外札所は含めない
bando33-04,jp-kanagawa-kamakura-hasedera,bando33,坂東三十三観音,4,第4番,open,https://bandou.gr.jp/temple/%e6%b5%b7%e5%85%89%e5%b1%b1-%e9%95%b7%e8%b0%b7%e5%af%ba%ef%bc%88%e9%95%b7%e8%b0%b7%e8%a6%b3%e9%9f%b3%ef%bc%89/,2026-07-21,公式霊場会の正規札所。番外札所は含めない
bando33-05,jp-pilgrimage-bando33-05,bando33,坂東三十三観音,5,第5番,open,https://bandou.gr.jp/temple/%e9%a3%af%e6%b3%89%e5%b1%b1-%e5%8b%9d%e7%a6%8f%e5%af%ba%ef%bc%88%e9%a3%af%e6%b3%89%e8%a6%b3%e9%9f%b3%ef%bc%89/,2026-07-21,公式霊場会の正規札所。番外札所は含めない
bando33-06,jp-pilgrimage-bando33-06,bando33,坂東三十三観音,6,第6番,open,https://bandou.gr.jp/temple/%e9%a3%af%e4%b8%8a%e5%b1%b1-%e9%95%b7%e8%b0%b7%e5%af%ba%ef%bc%88%e9%a3%af%e5%b1%b1%e8%a6%b3%e9%9f%b3%ef%bc%89/,2026-07-21,公式霊場会の正規札所。番外札所は含めない
bando33-07,jp-pilgrimage-bando33-07,bando33,坂東三十三観音,7,第7番,open,https://bandou.gr.jp/temple/%e9%87%91%e7%9b%ae%e5%b1%b1-%e5%85%89%e6%98%8e%e5%af%ba%ef%bc%88%e9%87%91%e7%9b%ae%e8%a6%b3%e9%9f%b3%ef%bc%89/,2026-07-21,公式霊場会の正規札所。番外札所は含めない
bando33-08,jp-pilgrimage-bando33-08,bando33,坂東三十三観音,8,第8番,open,https://bandou.gr.jp/temple/%e5%a6%99%e6%b3%95%e5%b1%b1-%e6%98%9f%e8%b0%b7%e5%af%ba%ef%bc%88%e6%98%9f%e3%81%ae%e8%b0%b7%e8%a6%b3%e9%9f%b3%ef%bc%89/,2026-07-21,公式霊場会の正規札所。番外札所は含めない
bando33-09,jp-pilgrimage-bando33-09,bando33,坂東三十三観音,9,第9番,open,https://bandou.gr.jp/temple/%e9%83%bd%e5%b9%be%e5%b1%b1-%e6%85%88%e5%85%89%e5%af%ba/,2026-07-21,公式霊場会の正規札所。番外札所は含めない
bando33-10,jp-pilgrimage-bando33-10,bando33,坂東三十三観音,10,第10番,open,https://bandou.gr.jp/temple/%e5%b7%8c%e6%ae%bf%e5%b1%b1-%e6%ad%a3%e6%b3%95%e5%af%ba%ef%bc%88%e5%b2%a9%e6%ae%bf%e8%a6%b3%e9%9f%b3%ef%bc%89/,2026-07-21,公式霊場会の正規札所。番外札所は含めない
bando33-11,jp-pilgrimage-bando33-11,bando33,坂東三十三観音,11,第11番,open,https://bandou.gr.jp/temple/%e5%b2%a9%e6%ae%bf%e5%b1%b1-%e5%ae%89%e6%a5%bd%e5%af%ba%ef%bc%88%e5%90%89%e8%a6%8b%e8%a6%b3%e9%9f%b3%ef%bc%89/,2026-07-21,公式霊場会の正規札所。番外札所は含めない
bando33-12,jp-pilgrimage-bando33-12,bando33,坂東三十三観音,12,第12番,open,https://bandou.gr.jp/temple/%e8%8f%af%e6%9e%97%e5%b1%b1-%e6%85%88%e6%81%a9%e5%af%ba%ef%bc%88%e6%85%88%e6%81%a9%e5%af%ba%e8%a6%b3%e9%9f%b3%ef%bc%89/,2026-07-21,公式霊場会の正規札所。番外札所は含めない
bando33-13,jp-tokyo-sensoji,bando33,坂東三十三観音,13,第13番,open,https://bandou.gr.jp/temple/%e9%87%91%e9%be%8d%e5%b1%b1-%e6%b5%85%e8%8d%89%e5%af%ba%ef%bc%88%e6%b5%85%e8%8d%89%e8%a6%b3%e9%9f%b3%ef%bc%89/,2026-07-21,公式霊場会の正規札所。番外札所は含めない
bando33-14,jp-pilgrimage-bando33-14,bando33,坂東三十三観音,14,第14番,open,https://bandou.gr.jp/temple/%e7%91%9e%e5%bf%9c%e5%b1%b1-%e5%bc%98%e6%98%8e%e5%af%ba-%e5%bc%98%e6%98%8e%e5%af%ba%e8%a6%b3%e9%9f%b3/,2026-07-21,公式霊場会の正規札所。番外札所は含めない
bando33-15,jp-pilgrimage-bando33-15,bando33,坂東三十三観音,15,第15番,open,https://bandou.gr.jp/temple/%e7%99%bd%e5%b2%a9%e5%b1%b1-%e9%95%b7%e8%b0%b7%e5%af%ba%e7%99%bd%e5%b2%a9%e8%a6%b3%e9%9f%b3%ef%bc%89/,2026-07-21,公式霊場会の正規札所。番外札所は含めない
bando33-16,jp-pilgrimage-bando33-16,bando33,坂東三十三観音,16,第16番,open,https://bandou.gr.jp/temple/%e4%ba%94%e5%be%b3%e5%b1%b1-%e6%b0%b4%e6%be%a4%e5%af%ba%ef%bc%88%e6%b0%b4%e6%be%a4%e8%a6%b3%e9%9f%b3%ef%bc%89/,2026-07-21,公式霊場会の正規札所。番外札所は含めない
bando33-17,jp-pilgrimage-bando33-17,bando33,坂東三十三観音,17,第17番,open,https://bandou.gr.jp/temple/%e5%87%ba%e6%b5%81%e5%b1%b1-%e6%ba%80%e9%a1%98%e5%af%ba%ef%bc%88%e5%87%ba%e6%b5%81%e8%a6%b3%e9%9f%b3%ef%bc%89/,2026-07-21,公式霊場会の正規札所。番外札所は含めない
bando33-18,jp-pilgrimage-bando33-18,bando33,坂東三十三観音,18,第18番,open,https://bandou.gr.jp/temple/%e6%97%a5%e5%85%89%e5%b1%b1-%e4%b8%ad%e7%a6%85%e5%af%ba%ef%bc%88%e7%ab%8b%e6%9c%a8%e8%a6%b3%e9%9f%b3%ef%bc%89/,2026-07-21,公式霊場会の正規札所。番外札所は含めない
bando33-19,jp-pilgrimage-bando33-19,bando33,坂東三十三観音,19,第19番,open,https://bandou.gr.jp/temple/%e5%a4%a9%e9%96%8b%e5%b1%b1-%e5%a4%a7%e8%b0%b7%e5%af%ba%ef%bc%88%e5%a4%a7%e8%b0%b7%e8%a6%b3%e9%9f%b3%ef%bc%89/,2026-07-21,公式霊場会の正規札所。番外札所は含めない
bando33-20,jp-pilgrimage-bando33-20,bando33,坂東三十三観音,20,第20番,open,https://bandou.gr.jp/temple/%e7%8d%a8%e9%88%b7%e5%b1%b1-%e8%a5%bf%e6%98%8e%e5%af%ba%ef%bc%88%e7%9b%8a%e5%ad%90%e8%a6%b3%e9%9f%b3%ef%bc%89/,2026-07-21,公式霊場会の正規札所。番外札所は含めない
bando33-21,jp-pilgrimage-bando33-21,bando33,坂東三十三観音,21,第21番,open,https://bandou.gr.jp/temple/179/,2026-07-21,公式霊場会の正規札所。番外札所は含めない
bando33-22,jp-pilgrimage-bando33-22,bando33,坂東三十三観音,22,第22番,open,https://bandou.gr.jp/temple/%e5%a6%99%e7%a6%8f%e5%b1%b1-%e4%bd%90%e7%ab%b9%e5%af%ba%ef%bc%88%e5%8c%97%e5%90%91%e8%a6%b3%e9%9f%b3%ef%bc%89/,2026-07-21,公式霊場会の正規札所。番外札所は含めない
bando33-23,jp-pilgrimage-bando33-23,bando33,坂東三十三観音,23,第23番,open,https://bandou.gr.jp/temple/%e4%bd%90%e7%99%bd%e5%b1%b1-%e6%ad%a3%e7%a6%8f%e5%af%ba/,2026-07-21,公式霊場会の正規札所。番外札所は含めない
bando33-24,jp-pilgrimage-bando33-24,bando33,坂東三十三観音,24,第24番,open,https://bandou.gr.jp/temple/%e9%9b%a8%e5%bc%95%e5%b1%b1-%e6%a5%bd%e6%b3%95%e5%af%ba%ef%bc%88%e9%9b%a8%e5%bc%95%e8%a6%b3%e9%9f%b3%ef%bc%89/,2026-07-21,公式霊場会の正規札所。番外札所は含めない
bando33-25,jp-pilgrimage-bando33-25,bando33,坂東三十三観音,25,第25番,open,https://bandou.gr.jp/temple/%e7%ad%91%e6%b3%a2%e5%b1%b1-%e5%a4%a7%e5%be%a1%e5%a0%82/,2026-07-21,公式霊場会の正規札所。番外札所は含めない
bando33-26,jp-pilgrimage-bando33-26,bando33,坂東三十三観音,26,第26番,open,https://bandou.gr.jp/temple/%e5%8d%97%e6%98%8e%e5%b1%b1-%e6%b8%85%e7%80%a7%e5%af%ba/,2026-07-21,公式霊場会の正規札所。番外札所は含めない
bando33-27,jp-pilgrimage-bando33-27,bando33,坂東三十三観音,27,第27番,open,https://bandou.gr.jp/temple/%e9%a3%af%e6%b2%bc%e5%b1%b1-%e5%86%86%e7%a6%8f%e5%af%ba%ef%bc%88%e9%a3%af%e6%b2%bc%e8%a6%b3%e9%9f%b3%ef%bc%89/,2026-07-21,公式霊場会の正規札所。番外札所は含めない
bando33-28,jp-pilgrimage-bando33-28,bando33,坂東三十三観音,28,第28番,open,https://bandou.gr.jp/temple/%e6%bb%91%e6%b2%b3%e5%b1%b1-%e9%be%8d%e6%ad%a3%e9%99%a2%ef%bc%88%e6%bb%91%e6%b2%b3%e8%a6%b3%e9%9f%b3%ef%bc%89/,2026-07-21,公式霊場会の正規札所。番外札所は含めない
bando33-29,jp-pilgrimage-bando33-29,bando33,坂東三十三観音,29,第29番,open,https://bandou.gr.jp/temple/%e6%b5%b7%e4%b8%8a%e5%b1%b1-%e5%8d%83%e8%91%89%e5%af%ba/,2026-07-21,公式霊場会の正規札所。番外札所は含めない
bando33-30,jp-pilgrimage-bando33-30,bando33,坂東三十三観音,30,第30番,open,https://bandou.gr.jp/temple/%e5%b9%b3%e9%87%8e%e5%b1%b1-%e9%ab%98%e8%94%b5%e5%af%ba%ef%bc%88%e9%ab%98%e5%80%89%e8%a6%b3%e9%9f%b3%ef%bc%89/,2026-07-21,公式霊場会の正規札所。番外札所は含めない
bando33-31,jp-pilgrimage-bando33-31,bando33,坂東三十三観音,31,第31番,open,https://bandou.gr.jp/temple/%e5%a4%a7%e6%82%b2%e5%b1%b1-%e7%ac%a0%e6%a3%ae%e5%af%ba%ef%bc%88%e7%ac%a0%e6%a3%ae%e8%a6%b3%e9%9f%b3%ef%bc%89/,2026-07-21,公式霊場会の正規札所。番外札所は含めない
bando33-32,jp-pilgrimage-bando33-32,bando33,坂東三十三観音,32,第32番,open,https://bandou.gr.jp/temple/%e9%9f%b3%e7%be%bd%e5%b1%b1-%e6%b8%85%e6%b0%b4%e5%af%ba%ef%bc%88%e6%b8%85%e6%b0%b4%e8%a6%b3%e9%9f%b3%ef%bc%89/,2026-07-21,公式霊場会の正規札所。番外札所は含めない
bando33-33,jp-pilgrimage-bando33-33,bando33,坂東三十三観音,33,第33番,open,https://bandou.gr.jp/temple/%e8%a3%9c%e9%99%80%e6%b4%9b%e5%b1%b1-%e9%82%a3%e5%8f%a4%e5%af%ba%ef%bc%88%e9%82%a3%e5%8f%a4%e8%a6%b3%e9%9f%b3%ef%bc%89/,2026-07-21,公式霊場会の正規札所。番外札所は含めない
shikoku88-01,jp-pilgrimage-shikoku88-01,shikoku88,四国八十八箇所,1,第1番,open,https://88shikokuhenro.jp/01ryozenji,2026-07-21,公式霊場会の正規札所。番外札所は含めない
shikoku88-02,jp-pilgrimage-shikoku88-02,shikoku88,四国八十八箇所,2,第2番,open,https://88shikokuhenro.jp/02gokurakuji,2026-07-21,公式霊場会の正規札所。番外札所は含めない
shikoku88-03,jp-pilgrimage-shikoku88-03,shikoku88,四国八十八箇所,3,第3番,open,https://88shikokuhenro.jp/03konsenji,2026-07-21,公式霊場会の正規札所。番外札所は含めない
shikoku88-04,jp-pilgrimage-shikoku88-04,shikoku88,四国八十八箇所,4,第4番,open,https://88shikokuhenro.jp/04dainichiji,2026-07-21,公式霊場会の正規札所。番外札所は含めない
shikoku88-05,jp-pilgrimage-shikoku88-05,shikoku88,四国八十八箇所,5,第5番,open,https://88shikokuhenro.jp/05jizoji,2026-07-21,公式霊場会の正規札所。番外札所は含めない
shikoku88-06,jp-pilgrimage-shikoku88-06,shikoku88,四国八十八箇所,6,第6番,open,https://88shikokuhenro.jp/06anrakuji,2026-07-21,公式霊場会の正規札所。番外札所は含めない
shikoku88-07,jp-pilgrimage-shikoku88-07,shikoku88,四国八十八箇所,7,第7番,open,https://88shikokuhenro.jp/07jurakuji,2026-07-21,公式霊場会の正規札所。番外札所は含めない
shikoku88-08,jp-pilgrimage-shikoku88-08,shikoku88,四国八十八箇所,8,第8番,open,https://88shikokuhenro.jp/08kumataniji,2026-07-21,公式霊場会の正規札所。番外札所は含めない
shikoku88-09,jp-pilgrimage-shikoku88-09,shikoku88,四国八十八箇所,9,第9番,open,https://88shikokuhenro.jp/09horinji,2026-07-21,公式霊場会の正規札所。番外札所は含めない
shikoku88-10,jp-pilgrimage-shikoku88-10,shikoku88,四国八十八箇所,10,第10番,open,https://88shikokuhenro.jp/10kirihataji,2026-07-21,公式霊場会の正規札所。番外札所は含めない
shikoku88-11,jp-pilgrimage-shikoku88-11,shikoku88,四国八十八箇所,11,第11番,open,https://88shikokuhenro.jp/11fujiidera,2026-07-21,公式霊場会の正規札所。番外札所は含めない
shikoku88-12,jp-pilgrimage-shikoku88-12,shikoku88,四国八十八箇所,12,第12番,open,https://88shikokuhenro.jp/12shozanji,2026-07-21,公式霊場会の正規札所。番外札所は含めない
shikoku88-13,jp-pilgrimage-shikoku88-13,shikoku88,四国八十八箇所,13,第13番,open,https://88shikokuhenro.jp/13dainichiji,2026-07-21,公式霊場会の正規札所。番外札所は含めない
shikoku88-14,jp-pilgrimage-shikoku88-14,shikoku88,四国八十八箇所,14,第14番,open,https://88shikokuhenro.jp/14jorakuji,2026-07-21,公式霊場会の正規札所。番外札所は含めない
shikoku88-15,jp-pilgrimage-shikoku88-15,shikoku88,四国八十八箇所,15,第15番,open,https://88shikokuhenro.jp/15kokubunji,2026-07-21,公式霊場会の正規札所。番外札所は含めない
shikoku88-16,jp-pilgrimage-shikoku88-16,shikoku88,四国八十八箇所,16,第16番,open,https://88shikokuhenro.jp/16kanonji,2026-07-21,公式霊場会の正規札所。番外札所は含めない
shikoku88-17,jp-pilgrimage-shikoku88-17,shikoku88,四国八十八箇所,17,第17番,open,https://88shikokuhenro.jp/17idoji,2026-07-21,公式霊場会の正規札所。番外札所は含めない
shikoku88-18,jp-pilgrimage-shikoku88-18,shikoku88,四国八十八箇所,18,第18番,open,https://88shikokuhenro.jp/18onzanji,2026-07-21,公式霊場会の正規札所。番外札所は含めない
shikoku88-19,jp-pilgrimage-shikoku88-19,shikoku88,四国八十八箇所,19,第19番,open,https://88shikokuhenro.jp/19tatsueji,2026-07-21,公式霊場会の正規札所。番外札所は含めない
shikoku88-20,jp-pilgrimage-shikoku88-20,shikoku88,四国八十八箇所,20,第20番,open,https://88shikokuhenro.jp/20kakurinji,2026-07-21,公式霊場会の正規札所。番外札所は含めない
shikoku88-21,jp-pilgrimage-shikoku88-21,shikoku88,四国八十八箇所,21,第21番,open,https://88shikokuhenro.jp/21tairyuji,2026-07-21,公式霊場会の正規札所。番外札所は含めない
shikoku88-22,jp-pilgrimage-shikoku88-22,shikoku88,四国八十八箇所,22,第22番,open,https://88shikokuhenro.jp/22byodoji,2026-07-21,公式霊場会の正規札所。番外札所は含めない
shikoku88-23,jp-pilgrimage-shikoku88-23,shikoku88,四国八十八箇所,23,第23番,open,https://88shikokuhenro.jp/23yakuoji,2026-07-21,公式霊場会の正規札所。番外札所は含めない
shikoku88-24,jp-pilgrimage-shikoku88-24,shikoku88,四国八十八箇所,24,第24番,open,https://88shikokuhenro.jp/24hotsumisakiji,2026-07-21,公式霊場会の正規札所。番外札所は含めない
shikoku88-25,jp-pilgrimage-shikoku88-25,shikoku88,四国八十八箇所,25,第25番,open,https://88shikokuhenro.jp/25shinshoji,2026-07-21,公式霊場会の正規札所。番外札所は含めない
shikoku88-26,jp-pilgrimage-shikoku88-26,shikoku88,四国八十八箇所,26,第26番,open,https://88shikokuhenro.jp/26kongochoji,2026-07-21,公式霊場会の正規札所。番外札所は含めない
shikoku88-27,jp-pilgrimage-shikoku88-27,shikoku88,四国八十八箇所,27,第27番,open,https://88shikokuhenro.jp/27kounomineji,2026-07-21,公式霊場会の正規札所。番外札所は含めない
shikoku88-28,jp-pilgrimage-shikoku88-28,shikoku88,四国八十八箇所,28,第28番,open,https://88shikokuhenro.jp/28dainichiji,2026-07-21,公式霊場会の正規札所。番外札所は含めない
shikoku88-29,jp-pilgrimage-shikoku88-29,shikoku88,四国八十八箇所,29,第29番,open,https://88shikokuhenro.jp/29kokubunji,2026-07-21,公式霊場会の正規札所。番外札所は含めない
shikoku88-30,jp-pilgrimage-shikoku88-30,shikoku88,四国八十八箇所,30,第30番,open,https://88shikokuhenro.jp/30zenrakuji,2026-07-21,公式霊場会の正規札所。番外札所は含めない
shikoku88-31,jp-pilgrimage-shikoku88-31,shikoku88,四国八十八箇所,31,第31番,open,https://88shikokuhenro.jp/31chikurinji,2026-07-21,公式霊場会の正規札所。番外札所は含めない
shikoku88-32,jp-pilgrimage-shikoku88-32,shikoku88,四国八十八箇所,32,第32番,open,https://88shikokuhenro.jp/32zenjibuji,2026-07-21,公式霊場会の正規札所。番外札所は含めない
shikoku88-33,jp-pilgrimage-shikoku88-33,shikoku88,四国八十八箇所,33,第33番,open,https://88shikokuhenro.jp/33sekeiji,2026-07-21,公式霊場会の正規札所。番外札所は含めない
shikoku88-34,jp-pilgrimage-shikoku88-34,shikoku88,四国八十八箇所,34,第34番,open,https://88shikokuhenro.jp/34tanemaji,2026-07-21,公式霊場会の正規札所。番外札所は含めない
shikoku88-35,jp-pilgrimage-shikoku88-35,shikoku88,四国八十八箇所,35,第35番,open,https://88shikokuhenro.jp/35kiyotakiji,2026-07-21,公式霊場会の正規札所。番外札所は含めない
shikoku88-36,jp-pilgrimage-shikoku88-36,shikoku88,四国八十八箇所,36,第36番,open,https://88shikokuhenro.jp/36shoryuji,2026-07-21,公式霊場会の正規札所。番外札所は含めない
shikoku88-37,jp-pilgrimage-shikoku88-37,shikoku88,四国八十八箇所,37,第37番,open,https://88shikokuhenro.jp/37iwamotoji,2026-07-21,公式霊場会の正規札所。番外札所は含めない
shikoku88-38,jp-pilgrimage-shikoku88-38,shikoku88,四国八十八箇所,38,第38番,open,https://88shikokuhenro.jp/38kongofukuji,2026-07-21,公式霊場会の正規札所。番外札所は含めない
shikoku88-39,jp-pilgrimage-shikoku88-39,shikoku88,四国八十八箇所,39,第39番,open,https://88shikokuhenro.jp/39enkoji,2026-07-21,公式霊場会の正規札所。番外札所は含めない
shikoku88-40,jp-pilgrimage-shikoku88-40,shikoku88,四国八十八箇所,40,第40番,open,https://88shikokuhenro.jp/40kanzaiji,2026-07-21,公式霊場会の正規札所。番外札所は含めない
shikoku88-41,jp-pilgrimage-shikoku88-41,shikoku88,四国八十八箇所,41,第41番,open,https://88shikokuhenro.jp/41ryukoji,2026-07-21,公式霊場会の正規札所。番外札所は含めない
shikoku88-42,jp-pilgrimage-shikoku88-42,shikoku88,四国八十八箇所,42,第42番,open,https://88shikokuhenro.jp/42butsumokuji,2026-07-21,公式霊場会の正規札所。番外札所は含めない
shikoku88-43,jp-pilgrimage-shikoku88-43,shikoku88,四国八十八箇所,43,第43番,open,https://88shikokuhenro.jp/43meisekiji,2026-07-21,公式霊場会の正規札所。番外札所は含めない
shikoku88-44,jp-pilgrimage-shikoku88-44,shikoku88,四国八十八箇所,44,第44番,open,https://88shikokuhenro.jp/44daihoji,2026-07-21,公式霊場会の正規札所。番外札所は含めない
shikoku88-45,jp-pilgrimage-shikoku88-45,shikoku88,四国八十八箇所,45,第45番,open,https://88shikokuhenro.jp/45iwayaji,2026-07-21,公式霊場会の正規札所。番外札所は含めない
shikoku88-46,jp-pilgrimage-shikoku88-46,shikoku88,四国八十八箇所,46,第46番,open,https://88shikokuhenro.jp/46joruriji,2026-07-21,公式霊場会の正規札所。番外札所は含めない
shikoku88-47,jp-pilgrimage-shikoku88-47,shikoku88,四国八十八箇所,47,第47番,open,https://88shikokuhenro.jp/47yasakaji,2026-07-21,公式霊場会の正規札所。番外札所は含めない
shikoku88-48,jp-pilgrimage-shikoku88-48,shikoku88,四国八十八箇所,48,第48番,open,https://88shikokuhenro.jp/48sairinji,2026-07-21,公式霊場会の正規札所。番外札所は含めない
shikoku88-49,jp-pilgrimage-shikoku88-49,shikoku88,四国八十八箇所,49,第49番,open,https://88shikokuhenro.jp/49jodoji,2026-07-21,公式霊場会の正規札所。番外札所は含めない
shikoku88-50,jp-pilgrimage-shikoku88-50,shikoku88,四国八十八箇所,50,第50番,open,https://88shikokuhenro.jp/50hantaji,2026-07-21,公式霊場会の正規札所。番外札所は含めない
shikoku88-51,jp-pilgrimage-shikoku88-51,shikoku88,四国八十八箇所,51,第51番,open,https://88shikokuhenro.jp/51ishiteji,2026-07-21,公式霊場会の正規札所。番外札所は含めない
shikoku88-52,jp-pilgrimage-shikoku88-52,shikoku88,四国八十八箇所,52,第52番,open,https://88shikokuhenro.jp/52taisanji,2026-07-21,公式霊場会の正規札所。番外札所は含めない
shikoku88-53,jp-pilgrimage-shikoku88-53,shikoku88,四国八十八箇所,53,第53番,open,https://88shikokuhenro.jp/53enmyoji,2026-07-21,公式霊場会の正規札所。番外札所は含めない
shikoku88-54,jp-pilgrimage-shikoku88-54,shikoku88,四国八十八箇所,54,第54番,open,https://88shikokuhenro.jp/54enmeiji,2026-07-21,公式霊場会の正規札所。番外札所は含めない
shikoku88-55,jp-pilgrimage-shikoku88-55,shikoku88,四国八十八箇所,55,第55番,open,https://88shikokuhenro.jp/55nankobo,2026-07-21,公式霊場会の正規札所。番外札所は含めない
shikoku88-56,jp-pilgrimage-shikoku88-56,shikoku88,四国八十八箇所,56,第56番,open,https://88shikokuhenro.jp/56taizanji,2026-07-21,公式霊場会の正規札所。番外札所は含めない
shikoku88-57,jp-pilgrimage-shikoku88-57,shikoku88,四国八十八箇所,57,第57番,open,https://88shikokuhenro.jp/57eifukuji,2026-07-21,公式霊場会の正規札所。番外札所は含めない
shikoku88-58,jp-pilgrimage-shikoku88-58,shikoku88,四国八十八箇所,58,第58番,open,https://88shikokuhenro.jp/58senyuji,2026-07-21,公式霊場会の正規札所。番外札所は含めない
shikoku88-59,jp-pilgrimage-shikoku88-59,shikoku88,四国八十八箇所,59,第59番,open,https://88shikokuhenro.jp/59kokubunji,2026-07-21,公式霊場会の正規札所。番外札所は含めない
shikoku88-60,jp-pilgrimage-shikoku88-60,shikoku88,四国八十八箇所,60,第60番,open,https://88shikokuhenro.jp/60yokomineji,2026-07-21,公式霊場会の正規札所。番外札所は含めない
shikoku88-61,jp-pilgrimage-shikoku88-61,shikoku88,四国八十八箇所,61,第61番,open,https://88shikokuhenro.jp/61koonji,2026-07-21,公式霊場会の正規札所。番外札所は含めない
shikoku88-62,jp-pilgrimage-shikoku88-62,shikoku88,四国八十八箇所,62,第62番,open,https://88shikokuhenro.jp/62houjyuji,2026-07-21,公式霊場会の正規札所。番外札所は含めない
shikoku88-63,jp-pilgrimage-shikoku88-63,shikoku88,四国八十八箇所,63,第63番,open,https://88shikokuhenro.jp/63kichijoji,2026-07-21,公式霊場会の正規札所。番外札所は含めない
shikoku88-64,jp-pilgrimage-shikoku88-64,shikoku88,四国八十八箇所,64,第64番,open,https://88shikokuhenro.jp/64maegamiji,2026-07-21,公式霊場会の正規札所。番外札所は含めない
shikoku88-65,jp-pilgrimage-shikoku88-65,shikoku88,四国八十八箇所,65,第65番,open,https://88shikokuhenro.jp/65sankakuji,2026-07-21,公式霊場会の正規札所。番外札所は含めない
shikoku88-66,jp-pilgrimage-shikoku88-66,shikoku88,四国八十八箇所,66,第66番,open,https://88shikokuhenro.jp/66unpenji,2026-07-21,公式霊場会の正規札所。番外札所は含めない
shikoku88-67,jp-pilgrimage-shikoku88-67,shikoku88,四国八十八箇所,67,第67番,open,https://88shikokuhenro.jp/67daikoji,2026-07-21,公式霊場会の正規札所。番外札所は含めない
shikoku88-68,jp-pilgrimage-shikoku88-68,shikoku88,四国八十八箇所,68,第68番,open,https://88shikokuhenro.jp/68jinnein,2026-07-21,公式霊場会の正規札所。番外札所は含めない
shikoku88-69,jp-pilgrimage-shikoku88-69,shikoku88,四国八十八箇所,69,第69番,open,https://88shikokuhenro.jp/69kannonji,2026-07-21,公式霊場会の正規札所。番外札所は含めない
shikoku88-70,jp-pilgrimage-shikoku88-70,shikoku88,四国八十八箇所,70,第70番,open,https://88shikokuhenro.jp/70motoyamaji,2026-07-21,公式霊場会の正規札所。番外札所は含めない
shikoku88-71,jp-pilgrimage-shikoku88-71,shikoku88,四国八十八箇所,71,第71番,open,https://88shikokuhenro.jp/71iyadaniji,2026-07-21,公式霊場会の正規札所。番外札所は含めない
shikoku88-72,jp-pilgrimage-shikoku88-72,shikoku88,四国八十八箇所,72,第72番,open,https://88shikokuhenro.jp/72mandaraji,2026-07-21,公式霊場会の正規札所。番外札所は含めない
shikoku88-73,jp-pilgrimage-shikoku88-73,shikoku88,四国八十八箇所,73,第73番,open,https://88shikokuhenro.jp/73shusyakaji,2026-07-21,公式霊場会の正規札所。番外札所は含めない
shikoku88-74,jp-pilgrimage-shikoku88-74,shikoku88,四国八十八箇所,74,第74番,open,https://88shikokuhenro.jp/74koyamaji,2026-07-21,公式霊場会の正規札所。番外札所は含めない
shikoku88-75,jp-pilgrimage-shikoku88-75,shikoku88,四国八十八箇所,75,第75番,open,https://88shikokuhenro.jp/75zentsuji,2026-07-21,公式霊場会の正規札所。番外札所は含めない
shikoku88-76,jp-pilgrimage-shikoku88-76,shikoku88,四国八十八箇所,76,第76番,open,https://88shikokuhenro.jp/76konzoji,2026-07-21,公式霊場会の正規札所。番外札所は含めない
shikoku88-77,jp-pilgrimage-shikoku88-77,shikoku88,四国八十八箇所,77,第77番,open,https://88shikokuhenro.jp/77doryuji,2026-07-21,公式霊場会の正規札所。番外札所は含めない
shikoku88-78,jp-pilgrimage-shikoku88-78,shikoku88,四国八十八箇所,78,第78番,open,https://88shikokuhenro.jp/78goshoji,2026-07-21,公式霊場会の正規札所。番外札所は含めない
shikoku88-79,jp-pilgrimage-shikoku88-79,shikoku88,四国八十八箇所,79,第79番,open,https://88shikokuhenro.jp/79tennoji,2026-07-21,公式霊場会の正規札所。番外札所は含めない
shikoku88-80,jp-pilgrimage-shikoku88-80,shikoku88,四国八十八箇所,80,第80番,open,https://88shikokuhenro.jp/80kokubunji,2026-07-21,公式霊場会の正規札所。番外札所は含めない
shikoku88-81,jp-pilgrimage-shikoku88-81,shikoku88,四国八十八箇所,81,第81番,open,https://88shikokuhenro.jp/81shiromineji,2026-07-21,公式霊場会の正規札所。番外札所は含めない
shikoku88-82,jp-pilgrimage-shikoku88-82,shikoku88,四国八十八箇所,82,第82番,open,https://88shikokuhenro.jp/82negoroji,2026-07-21,公式霊場会の正規札所。番外札所は含めない
shikoku88-83,jp-pilgrimage-shikoku88-83,shikoku88,四国八十八箇所,83,第83番,open,https://88shikokuhenro.jp/83ichinomiyaji,2026-07-21,公式霊場会の正規札所。番外札所は含めない
shikoku88-84,jp-pilgrimage-shikoku88-84,shikoku88,四国八十八箇所,84,第84番,open,https://88shikokuhenro.jp/84yashimaji,2026-07-21,公式霊場会の正規札所。番外札所は含めない
shikoku88-85,jp-pilgrimage-shikoku88-85,shikoku88,四国八十八箇所,85,第85番,open,https://88shikokuhenro.jp/85yakuriji,2026-07-21,公式霊場会の正規札所。番外札所は含めない
shikoku88-86,jp-pilgrimage-shikoku88-86,shikoku88,四国八十八箇所,86,第86番,open,https://88shikokuhenro.jp/86shidoji,2026-07-21,公式霊場会の正規札所。番外札所は含めない
shikoku88-87,jp-pilgrimage-shikoku88-87,shikoku88,四国八十八箇所,87,第87番,open,https://88shikokuhenro.jp/87nagaoji,2026-07-21,公式霊場会の正規札所。番外札所は含めない
shikoku88-88,jp-pilgrimage-shikoku88-88,shikoku88,四国八十八箇所,88,第88番,open,https://88shikokuhenro.jp/88ookuboji,2026-07-21,公式霊場会の正規札所。番外札所は含めない
chichibu34-01,jp-pilgrimage-chichibu34-01,chichibu34,秩父三十四観音,1,第1番,open,https://chichibufudasho.com/fudasho/shimabuji,2026-07-21,秩父札所連合会の正規札所
chichibu34-02,jp-pilgrimage-chichibu34-02,chichibu34,秩父三十四観音,2,第2番,open,https://chichibufudasho.com/fudasho/shinpukuji,2026-07-21,秩父札所連合会の正規札所
chichibu34-03,jp-pilgrimage-chichibu34-03,chichibu34,秩父三十四観音,3,第3番,open,https://chichibufudasho.com/fudasho/josenji,2026-07-21,秩父札所連合会の正規札所
chichibu34-04,jp-pilgrimage-chichibu34-04,chichibu34,秩父三十四観音,4,第4番,open,https://chichibufudasho.com/fudasho/kinshoji,2026-07-21,秩父札所連合会の正規札所
chichibu34-05,jp-pilgrimage-chichibu34-05,chichibu34,秩父三十四観音,5,第5番,open,https://chichibufudasho.com/fudasho/gokado,2026-07-21,秩父札所連合会の正規札所
chichibu34-06,jp-pilgrimage-chichibu34-06,chichibu34,秩父三十四観音,6,第6番,open,https://chichibufudasho.com/fudasho/bokuunji,2026-07-21,秩父札所連合会の正規札所
chichibu34-07,jp-pilgrimage-chichibu34-07,chichibu34,秩父三十四観音,7,第7番,open,https://chichibufudasho.com/fudasho/hochoji,2026-07-21,秩父札所連合会の正規札所
chichibu34-08,jp-pilgrimage-chichibu34-08,chichibu34,秩父三十四観音,8,第8番,open,https://chichibufudasho.com/fudasho/saizenji,2026-07-21,秩父札所連合会の正規札所
chichibu34-09,jp-pilgrimage-chichibu34-09,chichibu34,秩父三十四観音,9,第9番,open,https://chichibufudasho.com/fudasho/akechiji,2026-07-21,秩父札所連合会の正規札所
chichibu34-10,jp-pilgrimage-chichibu34-10,chichibu34,秩父三十四観音,10,第10番,open,https://chichibufudasho.com/fudasho/daijiji,2026-07-21,秩父札所連合会の正規札所
chichibu34-11,jp-pilgrimage-chichibu34-11,chichibu34,秩父三十四観音,11,第11番,open,https://chichibufudasho.com/fudasho/jorakuji,2026-07-21,秩父札所連合会の正規札所
chichibu34-12,jp-pilgrimage-chichibu34-12,chichibu34,秩父三十四観音,12,第12番,open,https://chichibufudasho.com/fudasho/nosakaji,2026-07-21,秩父札所連合会の正規札所
chichibu34-13,jp-pilgrimage-chichibu34-13,chichibu34,秩父三十四観音,13,第13番,open,https://chichibufudasho.com/fudasho/jigenji,2026-07-21,秩父札所連合会の正規札所
chichibu34-14,jp-pilgrimage-chichibu34-14,chichibu34,秩父三十四観音,14,第14番,open,https://chichibufudasho.com/fudasho/imamiyabo,2026-07-21,秩父札所連合会の正規札所
chichibu34-15,jp-pilgrimage-chichibu34-15,chichibu34,秩父三十四観音,15,第15番,open,https://chichibufudasho.com/fudasho/shorinji,2026-07-21,秩父札所連合会の正規札所
chichibu34-16,jp-pilgrimage-chichibu34-16,chichibu34,秩父三十四観音,16,第16番,open,https://chichibufudasho.com/fudasho/saikoji,2026-07-21,秩父札所連合会の正規札所
chichibu34-17,jp-pilgrimage-chichibu34-17,chichibu34,秩父三十四観音,17,第17番,open,https://chichibufudasho.com/fudasho/jorinji,2026-07-21,秩父札所連合会の正規札所
chichibu34-18,jp-pilgrimage-chichibu34-18,chichibu34,秩父三十四観音,18,第18番,open,https://chichibufudasho.com/fudasho/godoji,2026-07-21,秩父札所連合会の正規札所
chichibu34-19,jp-pilgrimage-chichibu34-19,chichibu34,秩父三十四観音,19,第19番,open,https://chichibufudasho.com/fudasho/ryusekiji,2026-07-21,秩父札所連合会の正規札所
chichibu34-20,jp-pilgrimage-chichibu34-20,chichibu34,秩父三十四観音,20,第20番,open,https://chichibufudasho.com/fudasho/iwanouedo,2026-07-21,秩父札所連合会の正規札所
chichibu34-21,jp-pilgrimage-chichibu34-21,chichibu34,秩父三十四観音,21,第21番,open,https://chichibufudasho.com/fudasho/kannonji,2026-07-21,秩父札所連合会の正規札所
chichibu34-22,jp-pilgrimage-chichibu34-22,chichibu34,秩父三十四観音,22,第22番,open,https://chichibufudasho.com/fudasho/dojido,2026-07-21,秩父札所連合会の正規札所
chichibu34-23,jp-pilgrimage-chichibu34-23,chichibu34,秩父三十四観音,23,第23番,open,https://chichibufudasho.com/fudasho/ongakuji,2026-07-21,秩父札所連合会の正規札所
chichibu34-24,jp-pilgrimage-chichibu34-24,chichibu34,秩父三十四観音,24,第24番,open,https://chichibufudasho.com/fudasho/hosenji,2026-07-21,秩父札所連合会の正規札所
chichibu34-25,jp-pilgrimage-chichibu34-25,chichibu34,秩父三十四観音,25,第25番,open,https://chichibufudasho.com/fudasho/kyushoji,2026-07-21,秩父札所連合会の正規札所
chichibu34-26,jp-pilgrimage-chichibu34-26,chichibu34,秩父三十四観音,26,第26番,open,https://chichibufudasho.com/fudasho/enyuji,2026-07-21,秩父札所連合会の正規札所
chichibu34-27,jp-pilgrimage-chichibu34-27,chichibu34,秩父三十四観音,27,第27番,open,https://chichibufudasho.com/fudasho/daienji,2026-07-21,秩父札所連合会の正規札所
chichibu34-28,jp-pilgrimage-chichibu34-28,chichibu34,秩父三十四観音,28,第28番,open,https://chichibufudasho.com/fudasho/hashidatedo,2026-07-21,秩父札所連合会の正規札所
chichibu34-29,jp-pilgrimage-chichibu34-29,chichibu34,秩父三十四観音,29,第29番,open,https://chichibufudasho.com/fudasho/chosenin,2026-07-21,秩父札所連合会の正規札所
chichibu34-30,jp-pilgrimage-chichibu34-30,chichibu34,秩父三十四観音,30,第30番,open,https://chichibufudasho.com/fudasho/hounji,2026-07-21,秩父札所連合会の正規札所
chichibu34-31,jp-pilgrimage-chichibu34-31,chichibu34,秩父三十四観音,31,第31番,open,https://chichibufudasho.com/fudasho/kannonin,2026-07-21,秩父札所連合会の正規札所
chichibu34-32,jp-pilgrimage-chichibu34-32,chichibu34,秩父三十四観音,32,第32番,open,https://chichibufudasho.com/fudasho/hoshoji,2026-07-21,秩父札所連合会の正規札所
chichibu34-33,jp-pilgrimage-chichibu34-33,chichibu34,秩父三十四観音,33,第33番,open,https://chichibufudasho.com/fudasho/kikusuiji,2026-07-21,秩父札所連合会の正規札所
chichibu34-34,jp-pilgrimage-chichibu34-34,chichibu34,秩父三十四観音,34,第34番,open,https://chichibufudasho.com/fudasho/suisenji,2026-07-21,秩父札所連合会の正規札所
rakuyo33-01,jp-pilgrimage-saigoku33-18,rakuyo33,洛陽三十三所観音霊場,1,第1番,open,https://rakuyo33.jp/chohodo/,2026-07-21,平成洛陽三十三所観音霊場会の正規札所
rakuyo33-02,jp-pilgrimage-rakuyo33-02,rakuyo33,洛陽三十三所観音霊場,2,第2番,open,https://rakuyo33.jp/seiganji/,2026-07-21,平成洛陽三十三所観音霊場会の正規札所
rakuyo33-03,jp-pilgrimage-rakuyo33-03,rakuyo33,洛陽三十三所観音霊場,3,第3番,open,https://rakuyo33.jp/gojoin/,2026-07-21,平成洛陽三十三所観音霊場会の正規札所
rakuyo33-04,jp-pilgrimage-saigoku33-19,rakuyo33,洛陽三十三所観音霊場,4,第4番,open,https://rakuyo33.jp/gyoganji/,2026-07-21,平成洛陽三十三所観音霊場会の正規札所
rakuyo33-05,jp-pilgrimage-rakuyo33-05,rakuyo33,洛陽三十三所観音霊場,5,第5番,open,https://rakuyo33.jp/shinnyodo/,2026-07-21,平成洛陽三十三所観音霊場会の正規札所
rakuyo33-06,jp-pilgrimage-rakuyo33-06,rakuyo33,洛陽三十三所観音霊場,6,第6番,open,https://rakuyo33.jp/kinkaikomyoji/,2026-07-21,平成洛陽三十三所観音霊場会の正規札所
rakuyo33-07,jp-pilgrimage-rakuyo33-07,rakuyo33,洛陽三十三所観音霊場,7,第7番,open,https://rakuyo33.jp/chorakuji/,2026-07-21,平成洛陽三十三所観音霊場会の正規札所
rakuyo33-08,jp-pilgrimage-rakuyo33-08,rakuyo33,洛陽三十三所観音霊場,8,第8番,open,https://rakuyo33.jp/dairenji/,2026-07-21,平成洛陽三十三所観音霊場会の正規札所
rakuyo33-09,jp-pilgrimage-rakuyo33-09,rakuyo33,洛陽三十三所観音霊場,9,第9番,open,https://rakuyo33.jp/seiryuji/,2026-07-21,平成洛陽三十三所観音霊場会の正規札所
rakuyo33-10,jp-kyoto-kiyomizu-dera,rakuyo33,洛陽三十三所観音霊場,10,第10番,open,https://rakuyo33.jp/zenkojido/,2026-07-21,平成洛陽三十三所観音霊場会の正規札所
rakuyo33-11,jp-kyoto-kiyomizu-dera,rakuyo33,洛陽三十三所観音霊場,11,第11番,open,https://rakuyo33.jp/okunoin/,2026-07-21,平成洛陽三十三所観音霊場会の正規札所
rakuyo33-12,jp-kyoto-kiyomizu-dera,rakuyo33,洛陽三十三所観音霊場,12,第12番,open,https://rakuyo33.jp/kiyomizuderahondo/,2026-07-21,平成洛陽三十三所観音霊場会の正規札所
rakuyo33-13,jp-kyoto-kiyomizu-dera,rakuyo33,洛陽三十三所観音霊場,13,第13番,open,https://rakuyo33.jp/asakurado/,2026-07-21,平成洛陽三十三所観音霊場会の正規札所
rakuyo33-14,jp-kyoto-kiyomizu-dera,rakuyo33,洛陽三十三所観音霊場,14,第14番,open,https://rakuyo33.jp/taisanji/,2026-07-21,平成洛陽三十三所観音霊場会の正規札所
rakuyo33-15,jp-pilgrimage-saigoku33-17,rakuyo33,洛陽三十三所観音霊場,15,第15番,open,https://rakuyo33.jp/rokuharamitsuji/,2026-07-21,平成洛陽三十三所観音霊場会の正規札所
rakuyo33-16,jp-pilgrimage-rakuyo33-16,rakuyo33,洛陽三十三所観音霊場,16,第16番,open,https://rakuyo33.jp/chugenji/,2026-07-21,平成洛陽三十三所観音霊場会の正規札所
rakuyo33-17,jp-kyoto-sanjusangendo,rakuyo33,洛陽三十三所観音霊場,17,第17番,open,https://rakuyo33.jp/rengeoin/,2026-07-21,平成洛陽三十三所観音霊場会の正規札所
rakuyo33-18,jp-pilgrimage-rakuyo33-18,rakuyo33,洛陽三十三所観音霊場,18,第18番,open,https://rakuyo33.jp/zennoji/,2026-07-21,平成洛陽三十三所観音霊場会の正規札所
rakuyo33-19,jp-pilgrimage-saigoku33-15,rakuyo33,洛陽三十三所観音霊場,19,第19番,open,https://rakuyo33.jp/kannonji/,2026-07-21,平成洛陽三十三所観音霊場会の正規札所
rakuyo33-20,jp-pilgrimage-rakuyo33-20,rakuyo33,洛陽三十三所観音霊場,20,第20番,open,https://rakuyo33.jp/sennyuji/,2026-07-21,平成洛陽三十三所観音霊場会の正規札所
rakuyo33-21,jp-pilgrimage-rakuyo33-21,rakuyo33,洛陽三十三所観音霊場,21,第21番,open,https://rakuyo33.jp/hoseiji/,2026-07-21,平成洛陽三十三所観音霊場会の正規札所
rakuyo33-22,jp-pilgrimage-rakuyo33-22,rakuyo33,洛陽三十三所観音霊場,22,第22番,open,https://rakuyo33.jp/jokoji/,2026-07-21,平成洛陽三十三所観音霊場会の正規札所
rakuyo33-23,jp-kyoto-toji,rakuyo33,洛陽三十三所観音霊場,23,第23番,open,https://rakuyo33.jp/toji/,2026-07-21,平成洛陽三十三所観音霊場会の正規札所
rakuyo33-24,jp-pilgrimage-rakuyo33-24,rakuyo33,洛陽三十三所観音霊場,24,第24番,open,https://rakuyo33.jp/choenji/,2026-07-21,平成洛陽三十三所観音霊場会の正規札所
rakuyo33-25,jp-pilgrimage-rakuyo33-25,rakuyo33,洛陽三十三所観音霊場,25,第25番,open,https://rakuyo33.jp/hoonin/,2026-07-21,平成洛陽三十三所観音霊場会の正規札所
rakuyo33-26,jp-pilgrimage-rakuyo33-26,rakuyo33,洛陽三十三所観音霊場,26,第26番,open,https://rakuyo33.jp/shounji/,2026-07-21,平成洛陽三十三所観音霊場会の正規札所
rakuyo33-27,jp-pilgrimage-rakuyo33-27,rakuyo33,洛陽三十三所観音霊場,27,第27番,open,https://rakuyo33.jp/byodoji/,2026-07-21,平成洛陽三十三所観音霊場会の正規札所
rakuyo33-28,jp-pilgrimage-rakuyo33-28,rakuyo33,洛陽三十三所観音霊場,28,第28番,open,https://rakuyo33.jp/mibudera/,2026-07-21,平成洛陽三十三所観音霊場会の正規札所
rakuyo33-29,jp-pilgrimage-rakuyo33-29,rakuyo33,洛陽三十三所観音霊場,29,第29番,open,https://rakuyo33.jp/fukushoji/,2026-07-21,平成洛陽三十三所観音霊場会の正規札所
rakuyo33-30,jp-pilgrimage-rakuyo33-30,rakuyo33,洛陽三十三所観音霊場,30,第30番,open,https://rakuyo33.jp/tsubakidera/,2026-07-21,平成洛陽三十三所観音霊場会の正規札所
rakuyo33-31,jp-pilgrimage-rakuyo33-31,rakuyo33,洛陽三十三所観音霊場,31,第31番,open,https://rakuyo33.jp/higashimukaikannonji/,2026-07-21,平成洛陽三十三所観音霊場会の正規札所
rakuyo33-32,jp-pilgrimage-rakuyo33-32,rakuyo33,洛陽三十三所観音霊場,32,第32番,open,https://rakuyo33.jp/rozanji/,2026-07-21,平成洛陽三十三所観音霊場会の正規札所
rakuyo33-33,jp-pilgrimage-rakuyo33-33,rakuyo33,洛陽三十三所観音霊場,33,第33番,open,https://rakuyo33.jp/seiwain/,2026-07-21,平成洛陽三十三所観音霊場会の正規札所
kamakura33-01,jp-kanagawa-kamakura-sugimotodera,kamakura33,鎌倉三十三観音霊場,1,第1番,open,https://www.33kannon.jp/fudasho_01.html,2026-07-21,鎌倉三十三観音霊場巡拝の正規札所
kamakura33-02,jp-pilgrimage-kamakura33-02,kamakura33,鎌倉三十三観音霊場,2,第2番,open,https://www.33kannon.jp/fudasho_02.html,2026-07-21,鎌倉三十三観音霊場巡拝の正規札所
kamakura33-03,jp-pilgrimage-bando33-03,kamakura33,鎌倉三十三観音霊場,3,第3番,open,https://www.33kannon.jp/fudasho_03.html,2026-07-21,鎌倉三十三観音霊場巡拝の正規札所
kamakura33-04,jp-kanagawa-kamakura-hasedera,kamakura33,鎌倉三十三観音霊場,4,第4番,open,https://www.33kannon.jp/fudasho_04.html,2026-07-21,鎌倉三十三観音霊場巡拝の正規札所
kamakura33-05,jp-pilgrimage-kamakura33-05,kamakura33,鎌倉三十三観音霊場,5,第5番,open,https://www.33kannon.jp/fudasho_05.html,2026-07-21,鎌倉三十三観音霊場巡拝の正規札所
kamakura33-06,jp-pilgrimage-kamakura33-06,kamakura33,鎌倉三十三観音霊場,6,第6番,open,https://www.33kannon.jp/fudasho_06.html,2026-07-21,鎌倉三十三観音霊場巡拝の正規札所
kamakura33-07,jp-pilgrimage-kamakura33-07,kamakura33,鎌倉三十三観音霊場,7,第7番,open,https://www.33kannon.jp/fudasho_07.html,2026-07-21,鎌倉三十三観音霊場巡拝の正規札所
kamakura33-08,jp-pilgrimage-kamakura33-08,kamakura33,鎌倉三十三観音霊場,8,第8番,open,https://www.33kannon.jp/fudasho_08.html,2026-07-21,鎌倉三十三観音霊場巡拝の正規札所
kamakura33-09,jp-kanagawa-kamakura-jomyoji,kamakura33,鎌倉三十三観音霊場,9,第9番,open,https://www.33kannon.jp/fudasho_09.html,2026-07-21,鎌倉三十三観音霊場巡拝の正規札所
kamakura33-10,jp-kanagawa-kamakura-hokokuji,kamakura33,鎌倉三十三観音霊場,10,第10番,open,https://www.33kannon.jp/fudasho_10.html,2026-07-21,鎌倉三十三観音霊場巡拝の正規札所
kamakura33-11,jp-pilgrimage-kamakura33-11,kamakura33,鎌倉三十三観音霊場,11,第11番,open,https://www.33kannon.jp/fudasho_11.html,2026-07-21,鎌倉三十三観音霊場巡拝の正規札所
kamakura33-12,jp-pilgrimage-kamakura33-12,kamakura33,鎌倉三十三観音霊場,12,第12番,open,https://www.33kannon.jp/fudasho_12.html,2026-07-21,鎌倉三十三観音霊場巡拝の正規札所
kamakura33-13,jp-pilgrimage-kamakura33-13,kamakura33,鎌倉三十三観音霊場,13,第13番,open,https://www.33kannon.jp/fudasho_13.html,2026-07-21,鎌倉三十三観音霊場巡拝の正規札所
kamakura33-14,jp-pilgrimage-kamakura33-14,kamakura33,鎌倉三十三観音霊場,14,第14番,open,https://www.33kannon.jp/fudasho_14.html,2026-07-21,鎌倉三十三観音霊場巡拝の正規札所
kamakura33-15,jp-pilgrimage-kamakura33-15,kamakura33,鎌倉三十三観音霊場,15,第15番,open,https://www.33kannon.jp/fudasho_15.html,2026-07-21,鎌倉三十三観音霊場巡拝の正規札所
kamakura33-16,jp-pilgrimage-kamakura33-16,kamakura33,鎌倉三十三観音霊場,16,第16番,open,https://www.33kannon.jp/fudasho_16.html,2026-07-21,鎌倉三十三観音霊場巡拝の正規札所
kamakura33-17,jp-pilgrimage-kamakura33-17,kamakura33,鎌倉三十三観音霊場,17,第17番,open,https://www.33kannon.jp/fudasho_17.html,2026-07-21,鎌倉三十三観音霊場巡拝の正規札所
kamakura33-18,jp-kanagawa-kamakura-komyoji,kamakura33,鎌倉三十三観音霊場,18,第18番,open,https://www.33kannon.jp/fudasho_18.html,2026-07-21,鎌倉三十三観音霊場巡拝の正規札所
kamakura33-19,jp-pilgrimage-kamakura33-19,kamakura33,鎌倉三十三観音霊場,19,第19番,open,https://www.33kannon.jp/fudasho_19.html,2026-07-21,鎌倉三十三観音霊場巡拝の正規札所
kamakura33-20,jp-pilgrimage-kamakura33-20,kamakura33,鎌倉三十三観音霊場,20,第20番,open,https://www.33kannon.jp/fudasho_20.html,2026-07-21,鎌倉三十三観音霊場巡拝の正規札所
kamakura33-21,jp-kanagawa-kamakura-jojuin,kamakura33,鎌倉三十三観音霊場,21,第21番,open,https://www.33kannon.jp/fudasho_21.html,2026-07-21,鎌倉三十三観音霊場巡拝の正規札所
kamakura33-22,jp-kanagawa-kamakura-gokurakuji,kamakura33,鎌倉三十三観音霊場,22,第22番,open,https://www.33kannon.jp/fudasho_22.html,2026-07-21,鎌倉三十三観音霊場巡拝の正規札所
kamakura33-23,jp-kanagawa-kamakura-kotokuin,kamakura33,鎌倉三十三観音霊場,23,第23番,open,https://www.33kannon.jp/fudasho_23.html,2026-07-21,鎌倉三十三観音霊場巡拝の正規札所
kamakura33-24,jp-pilgrimage-kamakura33-24,kamakura33,鎌倉三十三観音霊場,24,第24番,open,https://www.33kannon.jp/fudasho_24.html,2026-07-21,鎌倉三十三観音霊場巡拝の正規札所
kamakura33-25,jp-pilgrimage-kamakura33-25,kamakura33,鎌倉三十三観音霊場,25,第25番,open,https://www.33kannon.jp/fudasho_25.html,2026-07-21,鎌倉三十三観音霊場巡拝の正規札所
kamakura33-26,jp-pilgrimage-kamakura33-26,kamakura33,鎌倉三十三観音霊場,26,第26番,open,https://www.33kannon.jp/fudasho_26.html,2026-07-21,鎌倉三十三観音霊場巡拝の正規札所
kamakura33-27,jp-pilgrimage-kamakura33-27,kamakura33,鎌倉三十三観音霊場,27,第27番,open,https://www.33kannon.jp/fudasho_27.html,2026-07-21,鎌倉三十三観音霊場巡拝の正規札所
kamakura33-28,jp-kanagawa-kamakura-kenchoji,kamakura33,鎌倉三十三観音霊場,28,第28番,open,https://www.33kannon.jp/fudasho_28.html,2026-07-21,鎌倉三十三観音霊場巡拝の正規札所
kamakura33-29,jp-pilgrimage-kamakura33-29,kamakura33,鎌倉三十三観音霊場,29,第29番,open,https://www.33kannon.jp/fudasho_29.html,2026-07-21,鎌倉三十三観音霊場巡拝の正規札所
kamakura33-30,jp-kanagawa-kamakura-meigetsuin,kamakura33,鎌倉三十三観音霊場,30,第30番,open,https://www.33kannon.jp/fudasho_30.html,2026-07-21,鎌倉三十三観音霊場巡拝の正規札所
kamakura33-31,jp-kanagawa-kamakura-jochiji,kamakura33,鎌倉三十三観音霊場,31,第31番,open,https://www.33kannon.jp/fudasho_31.html,2026-07-21,鎌倉三十三観音霊場巡拝の正規札所
kamakura33-32,jp-pilgrimage-kamakura33-32,kamakura33,鎌倉三十三観音霊場,32,第32番,open,https://www.33kannon.jp/fudasho_32.html,2026-07-21,鎌倉三十三観音霊場巡拝の正規札所
kamakura33-33,jp-pilgrimage-kamakura33-33,kamakura33,鎌倉三十三観音霊場,33,第33番,open,https://www.33kannon.jp/fudasho_33.html,2026-07-21,鎌倉三十三観音霊場巡拝の正規札所
mogami33-01,jp-pilgrimage-mogami33-01,mogami33,最上三十三観音,1,第1番,open,https://www.mogami33.com/guide/n01.html,2026-07-21,最上三十三観音札所別当会の正規札所
mogami33-02,jp-pilgrimage-mogami33-02,mogami33,最上三十三観音,2,第2番,open,https://www.mogami33.com/guide/n02.html,2026-07-21,最上三十三観音札所別当会の正規札所
mogami33-03,jp-pilgrimage-mogami33-03,mogami33,最上三十三観音,3,第3番,open,https://www.mogami33.com/guide/n03.html,2026-07-21,最上三十三観音札所別当会の正規札所
mogami33-04,jp-pilgrimage-mogami33-04,mogami33,最上三十三観音,4,第4番,open,https://www.mogami33.com/guide/n04.html,2026-07-21,最上三十三観音札所別当会の正規札所
mogami33-05,jp-pilgrimage-mogami33-05,mogami33,最上三十三観音,5,第5番,open,https://www.mogami33.com/guide/n05.html,2026-07-21,最上三十三観音札所別当会の正規札所
mogami33-06,jp-pilgrimage-mogami33-06,mogami33,最上三十三観音,6,第6番,open,https://www.mogami33.com/guide/n06.html,2026-07-21,最上三十三観音札所別当会の正規札所
mogami33-07,jp-pilgrimage-mogami33-07,mogami33,最上三十三観音,7,第7番,open,https://www.mogami33.com/guide/n07.html,2026-07-21,最上三十三観音札所別当会の正規札所
mogami33-08,jp-pilgrimage-mogami33-08,mogami33,最上三十三観音,8,第8番,open,https://www.mogami33.com/guide/n08.html,2026-07-21,最上三十三観音札所別当会の正規札所
mogami33-09,jp-pilgrimage-mogami33-09,mogami33,最上三十三観音,9,第9番,open,https://www.mogami33.com/guide/n09.html,2026-07-21,最上三十三観音札所別当会の正規札所
mogami33-10,jp-pilgrimage-mogami33-10,mogami33,最上三十三観音,10,第10番,open,https://www.mogami33.com/guide/n10.html,2026-07-21,最上三十三観音札所別当会の正規札所
mogami33-11,jp-pilgrimage-mogami33-11,mogami33,最上三十三観音,11,第11番,open,https://www.mogami33.com/guide/n11.html,2026-07-21,最上三十三観音札所別当会の正規札所
mogami33-12,jp-pilgrimage-mogami33-12,mogami33,最上三十三観音,12,第12番,open,https://www.mogami33.com/guide/n12.html,2026-07-21,最上三十三観音札所別当会の正規札所
mogami33-13,jp-pilgrimage-mogami33-13,mogami33,最上三十三観音,13,第13番,open,https://www.mogami33.com/guide/n13.html,2026-07-21,最上三十三観音札所別当会の正規札所
mogami33-14,jp-pilgrimage-mogami33-14,mogami33,最上三十三観音,14,第14番,open,https://www.mogami33.com/guide/n14.html,2026-07-21,最上三十三観音札所別当会の正規札所
mogami33-15,jp-pilgrimage-mogami33-15,mogami33,最上三十三観音,15,第15番,open,https://www.mogami33.com/guide/n15.html,2026-07-21,最上三十三観音札所別当会の正規札所
mogami33-16,jp-pilgrimage-mogami33-16,mogami33,最上三十三観音,16,第16番,open,https://www.mogami33.com/guide/n16.html,2026-07-21,最上三十三観音札所別当会の正規札所
mogami33-17,jp-pilgrimage-mogami33-17,mogami33,最上三十三観音,17,第17番,open,https://www.mogami33.com/guide/n17.html,2026-07-21,最上三十三観音札所別当会の正規札所
mogami33-18,jp-pilgrimage-mogami33-18,mogami33,最上三十三観音,18,第18番,open,https://www.mogami33.com/guide/n18.html,2026-07-21,最上三十三観音札所別当会の正規札所
mogami33-19,jp-pilgrimage-mogami33-19,mogami33,最上三十三観音,19,第19番,open,https://www.mogami33.com/guide/n19.html,2026-07-21,最上三十三観音札所別当会の正規札所
mogami33-20,jp-pilgrimage-mogami33-20,mogami33,最上三十三観音,20,第20番,open,https://www.mogami33.com/guide/n20.html,2026-07-21,最上三十三観音札所別当会の正規札所
mogami33-21,jp-pilgrimage-mogami33-21,mogami33,最上三十三観音,21,第21番,open,https://www.mogami33.com/guide/n21.html,2026-07-21,最上三十三観音札所別当会の正規札所
mogami33-22,jp-pilgrimage-mogami33-22,mogami33,最上三十三観音,22,第22番,open,https://www.mogami33.com/guide/n22.html,2026-07-21,最上三十三観音札所別当会の正規札所
mogami33-23,jp-pilgrimage-mogami33-23,mogami33,最上三十三観音,23,第23番,open,https://www.mogami33.com/guide/n23.html,2026-07-21,最上三十三観音札所別当会の正規札所
mogami33-24,jp-pilgrimage-mogami33-24,mogami33,最上三十三観音,24,第24番,open,https://www.mogami33.com/guide/n24.html,2026-07-21,最上三十三観音札所別当会の正規札所
mogami33-25,jp-pilgrimage-mogami33-25,mogami33,最上三十三観音,25,第25番,open,https://www.mogami33.com/guide/n25.html,2026-07-21,最上三十三観音札所別当会の正規札所
mogami33-26,jp-pilgrimage-mogami33-26,mogami33,最上三十三観音,26,第26番,open,https://www.mogami33.com/guide/n26.html,2026-07-21,最上三十三観音札所別当会の正規札所
mogami33-27,jp-pilgrimage-mogami33-27,mogami33,最上三十三観音,27,第27番,open,https://www.mogami33.com/guide/n27.html,2026-07-21,最上三十三観音札所別当会の正規札所
mogami33-28,jp-pilgrimage-mogami33-28,mogami33,最上三十三観音,28,第28番,open,https://www.mogami33.com/guide/n28.html,2026-07-21,最上三十三観音札所別当会の正規札所
mogami33-29,jp-pilgrimage-mogami33-29,mogami33,最上三十三観音,29,第29番,open,https://www.mogami33.com/guide/n29.html,2026-07-21,最上三十三観音札所別当会の正規札所
mogami33-30,jp-pilgrimage-mogami33-30,mogami33,最上三十三観音,30,第30番,open,https://www.mogami33.com/guide/n30.html,2026-07-21,最上三十三観音札所別当会の正規札所
mogami33-31,jp-pilgrimage-mogami33-31,mogami33,最上三十三観音,31,第31番,open,https://www.mogami33.com/guide/n31.html,2026-07-21,最上三十三観音札所別当会の正規札所
mogami33-32,jp-pilgrimage-mogami33-32,mogami33,最上三十三観音,32,第32番,open,https://www.mogami33.com/guide/n32.html,2026-07-21,最上三十三観音札所別当会の正規札所
mogami33-33,jp-pilgrimage-mogami33-33,mogami33,最上三十三観音,33,第33番,open,https://www.mogami33.com/guide/n33.html,2026-07-21,最上三十三観音札所別当会の正規札所
mogami33-extra-01,jp-pilgrimage-mogami33-extra-01,mogami33,最上三十三観音,"",番外,open,https://www.mogami33.com/guide/n34.html,2026-07-21,公式札所一覧掲載の番外札所
echigo33-01,jp-pilgrimage-echigo33-01,echigo33,越後三十三観音霊場,1,第1番,open,https://echigo33kannon.org/1-iwayado/,2026-07-21,越後三十三観音霊場会の正規札所
echigo33-02,jp-pilgrimage-echigo33-02,echigo33,越後三十三観音霊場,2,第2番,open,https://echigo33kannon.org/ichiran/2-maniouji/,2026-07-21,越後三十三観音霊場会の正規札所
echigo33-03,jp-pilgrimage-echigo33-03,echigo33,越後三十三観音霊場,3,第3番,open,https://echigo33kannon.org/ichiran/3-daisenji/,2026-07-21,越後三十三観音霊場会の正規札所
echigo33-04,jp-pilgrimage-echigo33-04,echigo33,越後三十三観音霊場,4,第4番,open,https://echigo33kannon.org/ichiran/4-myochiji/,2026-07-21,越後三十三観音霊場会の正規札所
echigo33-05,jp-pilgrimage-echigo33-05,echigo33,越後三十三観音霊場,5,第5番,open,https://echigo33kannon.org/ichiran/5-houzouji/,2026-07-21,越後三十三観音霊場会の正規札所
echigo33-06,jp-pilgrimage-echigo33-06,echigo33,越後三十三観音霊場,6,第6番,open,https://echigo33kannon.org/ichiran/6-jyorakuji/,2026-07-21,越後三十三観音霊場会の正規札所
echigo33-07,jp-pilgrimage-echigo33-07,echigo33,越後三十三観音霊場,7,第7番,open,https://echigo33kannon.org/ichiran/7-manisyuin/,2026-07-21,越後三十三観音霊場会の正規札所
echigo33-08,jp-pilgrimage-echigo33-08,echigo33,越後三十三観音霊場,8,第8番,open,https://echigo33kannon.org/ichiran/8-fudouin/,2026-07-21,越後三十三観音霊場会の正規札所
echigo33-09,jp-pilgrimage-echigo33-09,echigo33,越後三十三観音霊場,9,第9番,open,https://echigo33kannon.org/ichiran/9-kousaiji/,2026-07-21,越後三十三観音霊場会の正規札所
echigo33-10,jp-pilgrimage-echigo33-10,echigo33,越後三十三観音霊場,10,第10番,open,https://echigo33kannon.org/ichiran/10-chotokuji/,2026-07-21,越後三十三観音霊場会の正規札所
echigo33-11,jp-pilgrimage-echigo33-11,echigo33,越後三十三観音霊場,11,第11番,open,https://echigo33kannon.org/ichiran/11-daifukuji/,2026-07-21,越後三十三観音霊場会の正規札所
echigo33-12,jp-pilgrimage-echigo33-12,echigo33,越後三十三観音霊場,12,第12番,open,https://echigo33kannon.org/ichiran/12-tensyoji/,2026-07-21,越後三十三観音霊場会の正規札所
echigo33-13,jp-pilgrimage-echigo33-13,echigo33,越後三十三観音霊場,13,第13番,open,https://echigo33kannon.org/ichiran/13-guzeiji/,2026-07-21,越後三十三観音霊場会の正規札所
echigo33-14,jp-pilgrimage-echigo33-14,echigo33,越後三十三観音霊場,14,第14番,open,https://echigo33kannon.org/ichiran/14-shinpukuji/,2026-07-21,越後三十三観音霊場会の正規札所
echigo33-15,jp-pilgrimage-echigo33-15,echigo33,越後三十三観音霊場,15,第15番,open,https://echigo33kannon.org/ichiran/15-senzouin/,2026-07-21,越後三十三観音霊場会の正規札所
echigo33-16,jp-pilgrimage-echigo33-16,echigo33,越後三十三観音霊場,16,第16番,open,https://echigo33kannon.org/ichiran/16-chintakuji/,2026-07-21,越後三十三観音霊場会の正規札所
echigo33-17,jp-pilgrimage-echigo33-17,echigo33,越後三十三観音霊場,17,第17番,open,https://echigo33kannon.org/ichiran/17-fudoin/,2026-07-21,越後三十三観音霊場会の正規札所
echigo33-18,jp-pilgrimage-echigo33-18,echigo33,越後三十三観音霊場,18,第18番,open,https://echigo33kannon.org/ichiran/18-konryuji/,2026-07-21,越後三十三観音霊場会の正規札所
echigo33-19,jp-pilgrimage-echigo33-19,echigo33,越後三十三観音霊場,19,第19番,open,https://echigo33kannon.org/ichiran/19-koshoji/,2026-07-21,越後三十三観音霊場会の正規札所
echigo33-20,jp-pilgrimage-echigo33-20,echigo33,越後三十三観音霊場,20,第20番,open,https://echigo33kannon.org/ichiran/20-shomyoji/,2026-07-21,越後三十三観音霊場会の正規札所
echigo33-21,jp-pilgrimage-echigo33-21,echigo33,越後三十三観音霊場,21,第21番,open,https://echigo33kannon.org/ichiran/21-kichidenji/,2026-07-21,越後三十三観音霊場会の正規札所
echigo33-22,jp-pilgrimage-echigo33-22,echigo33,越後三十三観音霊場,22,第22番,open,https://echigo33kannon.org/ichiran/22-kokujouji/,2026-07-21,越後三十三観音霊場会の正規札所
echigo33-23,jp-pilgrimage-echigo33-23,echigo33,越後三十三観音霊場,23,第23番,open,https://echigo33kannon.org/ichiran/23-kannonji/,2026-07-21,越後三十三観音霊場会の正規札所
echigo33-24,jp-pilgrimage-echigo33-24,echigo33,越後三十三観音霊場,24,第24番,open,https://echigo33kannon.org/ichiran/24-keishouji/,2026-07-21,越後三十三観音霊場会の正規札所
echigo33-25,jp-pilgrimage-echigo33-25,echigo33,越後三十三観音霊場,25,第25番,open,https://echigo33kannon.org/ichiran/25-shinjyoin/,2026-07-21,越後三十三観音霊場会の正規札所
echigo33-26,jp-pilgrimage-echigo33-26,echigo33,越後三十三観音霊場,26,第26番,open,https://echigo33kannon.org/ichiran/26-oppouji/,2026-07-21,越後三十三観音霊場会の正規札所
echigo33-27,jp-pilgrimage-echigo33-27,echigo33,越後三十三観音霊場,27,第27番,open,https://echigo33kannon.org/ichiran/27-koujyoji/,2026-07-21,越後三十三観音霊場会の正規札所
echigo33-28,jp-pilgrimage-echigo33-28,echigo33,越後三十三観音霊場,28,第28番,open,https://echigo33kannon.org/ichiran/28-byakurenji/,2026-07-21,越後三十三観音霊場会の正規札所
echigo33-29,jp-pilgrimage-echigo33-29,echigo33,越後三十三観音霊場,29,第29番,open,https://echigo33kannon.org/ichiran/29-hoshakuin/,2026-07-21,越後三十三観音霊場会の正規札所
echigo33-30,jp-pilgrimage-echigo33-30,echigo33,越後三十三観音霊場,30,第30番,open,https://echigo33kannon.org/ichiran/30-fudanji/,2026-07-21,越後三十三観音霊場会の正規札所
echigo33-31,jp-pilgrimage-echigo33-31,echigo33,越後三十三観音霊場,31,第31番,open,https://echigo33kannon.org/ichiran/31-shoenji/,2026-07-21,越後三十三観音霊場会の正規札所
echigo33-32,jp-pilgrimage-echigo33-32,echigo33,越後三十三観音霊場,32,第32番,open,https://echigo33kannon.org/ichiran/32-houtoin/,2026-07-21,越後三十三観音霊場会の正規札所
echigo33-33,jp-pilgrimage-echigo33-33,echigo33,越後三十三観音霊場,33,第33番,open,https://echigo33kannon.org/ichiran/33-saimyoji/,2026-07-21,越後三十三観音霊場会の正規札所
hokkaido33-01,jp-pilgrimage-hokkaido33-01,hokkaido33,北海道三十三観音霊場,1,第1番,open,https://hokkaido33kannon.com/no1_kouyaji/,2026-07-21,北海道三十三観音霊場会の正規札所
hokkaido33-02,jp-pilgrimage-hokkaido33-02,hokkaido33,北海道三十三観音霊場,2,第2番,open,https://hokkaido33kannon.com/fudasyo/02.php,2026-07-21,北海道三十三観音霊場会の正規札所
hokkaido33-03,jp-pilgrimage-hokkaido33-03,hokkaido33,北海道三十三観音霊場,3,第3番,open,https://hokkaido33kannon.com/fudasyo/03.php,2026-07-21,北海道三十三観音霊場会の正規札所
hokkaido33-04,jp-pilgrimage-hokkaido33-04,hokkaido33,北海道三十三観音霊場,4,第4番,open,https://hokkaido33kannon.com/fudasyo/04.php,2026-07-21,北海道三十三観音霊場会の正規札所
hokkaido33-05,jp-pilgrimage-hokkaido33-05,hokkaido33,北海道三十三観音霊場,5,第5番,open,https://hokkaido33kannon.com/fudasyo/05.php,2026-07-21,北海道三十三観音霊場会の正規札所
hokkaido33-06,jp-pilgrimage-hokkaido33-06,hokkaido33,北海道三十三観音霊場,6,第6番,open,https://hokkaido33kannon.com/fudasyo/06.php,2026-07-21,北海道三十三観音霊場会の正規札所
hokkaido33-07,jp-pilgrimage-hokkaido33-07,hokkaido33,北海道三十三観音霊場,7,第7番,open,https://hokkaido33kannon.com/no7_nikkoin/,2026-07-21,北海道三十三観音霊場会の正規札所
hokkaido33-08,jp-pilgrimage-hokkaido33-08,hokkaido33,北海道三十三観音霊場,8,第8番,open,https://hokkaido33kannon.com/fudasyo/08.php,2026-07-21,北海道三十三観音霊場会の正規札所
hokkaido33-09,jp-pilgrimage-hokkaido33-09,hokkaido33,北海道三十三観音霊場,9,第9番,open,https://hokkaido33kannon.com/fudasyo/09.php,2026-07-21,北海道三十三観音霊場会の正規札所
hokkaido33-10,jp-pilgrimage-hokkaido33-10,hokkaido33,北海道三十三観音霊場,10,第10番,open,https://hokkaido33kannon.com/fudasyo/10.php,2026-07-21,北海道三十三観音霊場会の正規札所
hokkaido33-11,jp-pilgrimage-hokkaido33-11,hokkaido33,北海道三十三観音霊場,11,第11番,open,https://hokkaido33kannon.com/fudasyo/11.php,2026-07-21,北海道三十三観音霊場会の正規札所
hokkaido33-12,jp-pilgrimage-hokkaido33-12,hokkaido33,北海道三十三観音霊場,12,第12番,open,https://hokkaido33kannon.com/fudasyo/12.php,2026-07-21,北海道三十三観音霊場会の正規札所
hokkaido33-13,jp-pilgrimage-hokkaido33-13,hokkaido33,北海道三十三観音霊場,13,第13番,open,https://hokkaido33kannon.com/fudasyo/13.php,2026-07-21,北海道三十三観音霊場会の正規札所
hokkaido33-14,jp-pilgrimage-hokkaido33-14,hokkaido33,北海道三十三観音霊場,14,第14番,open,https://hokkaido33kannon.com/fudasyo/14.php,2026-07-21,北海道三十三観音霊場会の正規札所
hokkaido33-15,jp-pilgrimage-hokkaido33-15,hokkaido33,北海道三十三観音霊場,15,第15番,open,https://hokkaido33kannon.com/fudasyo/15.php,2026-07-21,北海道三十三観音霊場会の正規札所
hokkaido33-16,jp-pilgrimage-hokkaido33-16,hokkaido33,北海道三十三観音霊場,16,第16番,open,https://hokkaido33kannon.com/fudasyo/16.php,2026-07-21,北海道三十三観音霊場会の正規札所
hokkaido33-17,jp-pilgrimage-hokkaido33-17,hokkaido33,北海道三十三観音霊場,17,第17番,open,https://hokkaido33kannon.com/fudasyo/17.php,2026-07-21,北海道三十三観音霊場会の正規札所
hokkaido33-18,jp-pilgrimage-hokkaido33-18,hokkaido33,北海道三十三観音霊場,18,第18番,open,https://hokkaido33kannon.com/fudasyo/18.php,2026-07-21,北海道三十三観音霊場会の正規札所
hokkaido33-19,jp-pilgrimage-hokkaido33-19,hokkaido33,北海道三十三観音霊場,19,第19番,open,https://hokkaido33kannon.com/fudasyo/19.php,2026-07-21,北海道三十三観音霊場会の正規札所
hokkaido33-20,jp-pilgrimage-hokkaido33-20,hokkaido33,北海道三十三観音霊場,20,第20番,open,https://hokkaido33kannon.com/fudasyo/20.php,2026-07-21,北海道三十三観音霊場会の正規札所
hokkaido33-21,jp-pilgrimage-hokkaido33-21,hokkaido33,北海道三十三観音霊場,21,第21番,open,https://hokkaido33kannon.com/fudasyo/21.php,2026-07-21,北海道三十三観音霊場会の正規札所
hokkaido33-22,jp-pilgrimage-hokkaido33-22,hokkaido33,北海道三十三観音霊場,22,第22番,open,https://hokkaido33kannon.com/fudasyo/22.php,2026-07-21,北海道三十三観音霊場会の正規札所
hokkaido33-23,jp-pilgrimage-hokkaido33-23,hokkaido33,北海道三十三観音霊場,23,第23番,open,https://hokkaido33kannon.com/fudasyo/23.php,2026-07-21,北海道三十三観音霊場会の正規札所
hokkaido33-24,jp-pilgrimage-hokkaido33-24,hokkaido33,北海道三十三観音霊場,24,第24番,open,https://hokkaido33kannon.com/fudasyo/24.php,2026-07-21,北海道三十三観音霊場会の正規札所
hokkaido33-25,jp-pilgrimage-hokkaido33-25,hokkaido33,北海道三十三観音霊場,25,第25番,open,https://hokkaido33kannon.com/fudasyo/25.php,2026-07-21,北海道三十三観音霊場会の正規札所
hokkaido33-26,jp-pilgrimage-hokkaido33-26,hokkaido33,北海道三十三観音霊場,26,第26番,open,https://hokkaido33kannon.com/fudasyo/26.php,2026-07-21,北海道三十三観音霊場会の正規札所
hokkaido33-27,jp-pilgrimage-hokkaido33-27,hokkaido33,北海道三十三観音霊場,27,第27番,open,https://hokkaido33kannon.com/no27_shingonji/,2026-07-21,北海道三十三観音霊場会の正規札所
hokkaido33-28,jp-pilgrimage-hokkaido33-28,hokkaido33,北海道三十三観音霊場,28,第28番,open,https://hokkaido33kannon.com/fudasyo/28.php,2026-07-21,北海道三十三観音霊場会の正規札所
hokkaido33-29,jp-pilgrimage-hokkaido33-29,hokkaido33,北海道三十三観音霊場,29,第29番,open,https://hokkaido33kannon.com/fudasyo/29.php,2026-07-21,北海道三十三観音霊場会の正規札所
hokkaido33-30,jp-pilgrimage-hokkaido33-30,hokkaido33,北海道三十三観音霊場,30,第30番,open,https://hokkaido33kannon.com/fudasyo/30.php,2026-07-21,北海道三十三観音霊場会の正規札所
hokkaido33-31,jp-pilgrimage-hokkaido33-31,hokkaido33,北海道三十三観音霊場,31,第31番,open,https://hokkaido33kannon.com/fudasyo/31.php,2026-07-21,北海道三十三観音霊場会の正規札所
hokkaido33-32,jp-pilgrimage-hokkaido33-32,hokkaido33,北海道三十三観音霊場,32,第32番,open,https://hokkaido33kannon.com/fudasyo/32.php,2026-07-21,北海道三十三観音霊場会の正規札所
hokkaido33-33,jp-pilgrimage-hokkaido33-33,hokkaido33,北海道三十三観音霊場,33,第33番,open,https://hokkaido33kannon.com/fudasyo/33.php,2026-07-21,北海道三十三観音霊場会の正規札所
ise_saigoku33-extra-01,jp-pilgrimage-ise-saigoku33-extra-01,ise_saigoku33,伊勢西国三十三所,"",番外,open,https://isekannon.jp/otera_list/syofukuji/,2026-07-21,公式一覧掲載の番外札所
ise_saigoku33-01,jp-pilgrimage-ise-saigoku33-01,ise_saigoku33,伊勢西国三十三所,1,第1番,open,https://isekannon.jp/otera_list/taikoji/,2026-07-21,伊勢西国三十三所霊場会の正規札所
ise_saigoku33-02,jp-pilgrimage-ise-saigoku33-02,ise_saigoku33,伊勢西国三十三所,2,第2番,open,https://isekannon.jp/otera_list/kongosyoji/,2026-07-21,伊勢西国三十三所霊場会の正規札所
ise_saigoku33-03,jp-pilgrimage-ise-saigoku33-03,ise_saigoku33,伊勢西国三十三所,3,第3番,open,https://isekannon.jp/otera_list/matsuokannonji/,2026-07-21,伊勢西国三十三所霊場会の正規札所
ise_saigoku33-04,jp-pilgrimage-ise-saigoku33-04,ise_saigoku33,伊勢西国三十三所,4,第4番,open,https://isekannon.jp/otera_list/tamiyaji/,2026-07-21,伊勢西国三十三所霊場会の正規札所
ise_saigoku33-05,jp-pilgrimage-ise-saigoku33-05,ise_saigoku33,伊勢西国三十三所,5,第5番,open,https://isekannon.jp/otera_list/chuzanji/,2026-07-21,伊勢西国三十三所霊場会の正規札所
ise_saigoku33-06,jp-pilgrimage-ise-saigoku33-06,ise_saigoku33,伊勢西国三十三所,6,第6番,open,https://isekannon.jp/otera_list/kontaiji/,2026-07-21,伊勢西国三十三所霊場会の正規札所
ise_saigoku33-07,jp-pilgrimage-ise-saigoku33-07,ise_saigoku33,伊勢西国三十三所,7,第7番,open,https://isekannon.jp/otera_list/hourinji/,2026-07-21,伊勢西国三十三所霊場会の正規札所
ise_saigoku33-08,jp-pilgrimage-ise-saigoku33-08,ise_saigoku33,伊勢西国三十三所,8,第8番,open,https://isekannon.jp/otera_list/keisyoji/,2026-07-21,伊勢西国三十三所霊場会の正規札所
ise_saigoku33-extra-02,jp-pilgrimage-ise-saigoku33-extra-02,ise_saigoku33,伊勢西国三十三所,"",元第9番,changed,https://isekannon.jp/otera_list/kuzukaji/,2026-07-21,公式一覧掲載の旧札番
ise_saigoku33-09,jp-pilgrimage-ise-saigoku33-09,ise_saigoku33,伊勢西国三十三所,9,第9番,open,https://isekannon.jp/otera_list/senpukuji/,2026-07-21,伊勢西国三十三所霊場会の正規札所
ise_saigoku33-10,jp-pilgrimage-ise-saigoku33-10,ise_saigoku33,伊勢西国三十三所,10,第10番,open,https://isekannon.jp/otera_list/kongozaji/,2026-07-21,伊勢西国三十三所霊場会の正規札所
ise_saigoku33-11,jp-pilgrimage-ise-saigoku33-11,ise_saigoku33,伊勢西国三十三所,11,第11番,open,https://isekannon.jp/otera_list/kinchokokuji/,2026-07-21,伊勢西国三十三所霊場会の正規札所
ise_saigoku33-12,jp-pilgrimage-ise-saigoku33-12,ise_saigoku33,伊勢西国三十三所,12,第12番,open,https://isekannon.jp/otera_list/jinguji/,2026-07-21,伊勢西国三十三所霊場会の正規札所
ise_saigoku33-13,jp-pilgrimage-ise-saigoku33-13,ise_saigoku33,伊勢西国三十三所,13,第13番,open,https://isekannon.jp/otera_list/senjuin/,2026-07-21,伊勢西国三十三所霊場会の正規札所
ise_saigoku33-14,jp-pilgrimage-ise-saigoku33-14,ise_saigoku33,伊勢西国三十三所,14,第14番,open,https://isekannon.jp/otera_list/enichizankannonji/,2026-07-21,伊勢西国三十三所霊場会の正規札所
ise_saigoku33-15,jp-pilgrimage-ise-saigoku33-15,ise_saigoku33,伊勢西国三十三所,15,第15番,open,https://isekannon.jp/otera_list/chokokuji/,2026-07-21,伊勢西国三十三所霊場会の正規札所
ise_saigoku33-16,jp-pilgrimage-ise-saigoku33-16,ise_saigoku33,伊勢西国三十三所,16,第16番,open,https://isekannon.jp/otera_list/mitsuzoin/,2026-07-21,伊勢西国三十三所霊場会の正規札所
ise_saigoku33-17,jp-pilgrimage-ise-saigoku33-17,ise_saigoku33,伊勢西国三十三所,17,第17番,open,https://isekannon.jp/otera_list/renkoin/,2026-07-21,伊勢西国三十三所霊場会の正規札所
ise_saigoku33-18,jp-pilgrimage-ise-saigoku33-18,ise_saigoku33,伊勢西国三十三所,18,第18番,open,https://isekannon.jp/otera_list/funanji/,2026-07-21,伊勢西国三十三所霊場会の正規札所
ise_saigoku33-extra-03,jp-pilgrimage-ise-saigoku33-extra-03,ise_saigoku33,伊勢西国三十三所,"",元第19番,changed,https://isekannon.jp/otera_list/renkoji/,2026-07-21,公式一覧掲載の旧札番
ise_saigoku33-19,jp-pilgrimage-ise-saigoku33-19,ise_saigoku33,伊勢西国三十三所,19,第19番,open,https://isekannon.jp/otera_list/koyasukannonji/,2026-07-21,伊勢西国三十三所霊場会の正規札所
ise_saigoku33-20,jp-pilgrimage-ise-saigoku33-20,ise_saigoku33,伊勢西国三十三所,20,第20番,open,https://isekannon.jp/otera_list/rinkoji/,2026-07-21,伊勢西国三十三所霊場会の正規札所
ise_saigoku33-21,jp-pilgrimage-ise-saigoku33-21,ise_saigoku33,伊勢西国三十三所,21,第21番,open,https://isekannon.jp/otera_list/enpukuji/,2026-07-21,伊勢西国三十三所霊場会の正規札所
ise_saigoku33-22,jp-pilgrimage-ise-saigoku33-22,ise_saigoku33,伊勢西国三十三所,22,第22番,open,https://isekannon.jp/otera_list/soutokuji/,2026-07-21,伊勢西国三十三所霊場会の正規札所
ise_saigoku33-23,jp-pilgrimage-ise-saigoku33-23,ise_saigoku33,伊勢西国三十三所,23,第23番,open,https://isekannon.jp/otera_list/yatouji/,2026-07-21,伊勢西国三十三所霊場会の正規札所
ise_saigoku33-24,jp-pilgrimage-ise-saigoku33-24,ise_saigoku33,伊勢西国三十三所,24,第24番,open,https://isekannon.jp/otera_list/kouzinyama/,2026-07-21,伊勢西国三十三所霊場会の正規札所
ise_saigoku33-extra-04,jp-pilgrimage-ise-saigoku33-extra-04,ise_saigoku33,伊勢西国三十三所,"",元第25番,changed,https://isekannon.jp/otera_list/odakasan/,2026-07-21,公式一覧掲載の旧札番
ise_saigoku33-25,jp-pilgrimage-ise-saigoku33-25,ise_saigoku33,伊勢西国三十三所,25,第25番,open,https://isekannon.jp/otera_list/chokuganin/,2026-07-21,伊勢西国三十三所霊場会の正規札所
ise_saigoku33-extra-05,jp-pilgrimage-ise-saigoku33-extra-05,ise_saigoku33,伊勢西国三十三所,"",元第26番,changed,https://isekannon.jp/otera_list/jigenji/,2026-07-21,公式一覧掲載の旧札番
ise_saigoku33-26,jp-pilgrimage-ise-saigoku33-26,ise_saigoku33,伊勢西国三十三所,26,第26番,open,https://isekannon.jp/otera_list/tarusakasan/,2026-07-21,伊勢西国三十三所霊場会の正規札所
ise_saigoku33-27,jp-pilgrimage-ise-saigoku33-27,ise_saigoku33,伊勢西国三十三所,27,第27番,open,https://isekannon.jp/otera_list/chokoji/,2026-07-21,伊勢西国三十三所霊場会の正規札所
ise_saigoku33-28,jp-pilgrimage-ise-saigoku33-28,ise_saigoku33,伊勢西国三十三所,28,第28番,open,https://isekannon.jp/otera_list/hosyoji/,2026-07-21,伊勢西国三十三所霊場会の正規札所
ise_saigoku33-29,jp-pilgrimage-ise-saigoku33-29,ise_saigoku33,伊勢西国三十三所,29,第29番,open,https://isekannon.jp/otera_list/syoboji/,2026-07-21,伊勢西国三十三所霊場会の正規札所
ise_saigoku33-30,jp-pilgrimage-ise-saigoku33-30,ise_saigoku33,伊勢西国三十三所,30,第30番,open,https://isekannon.jp/otera_list/andoji/,2026-07-21,伊勢西国三十三所霊場会の正規札所
ise_saigoku33-31,jp-pilgrimage-ise-saigoku33-31,ise_saigoku33,伊勢西国三十三所,31,第31番,open,https://isekannon.jp/otera_list/kangakuji/,2026-07-21,伊勢西国三十三所霊場会の正規札所
ise_saigoku33-32,jp-pilgrimage-ise-saigoku33-32,ise_saigoku33,伊勢西国三十三所,32,第32番,open,https://isekannon.jp/otera_list/hichoji/,2026-07-21,伊勢西国三十三所霊場会の正規札所
ise_saigoku33-33,jp-pilgrimage-ise-saigoku33-33,ise_saigoku33,伊勢西国三十三所,33,第33番,open,https://isekannon.jp/otera_list/tadokannondo/,2026-07-21,伊勢西国三十三所霊場会の正規札所
ise_saigoku33-extra-06,jp-pilgrimage-ise-saigoku33-extra-06,ise_saigoku33,伊勢西国三十三所,"",番外,open,https://isekannon.jp/otera_list/daifukudenji/,2026-07-21,公式一覧掲載の番外札所
