membershipID,placeID,collectionKey,collectionName,itemNumber,itemNumberLabel,status,sourceURL,verifiedAt
japan_100_castles-001,jp-castle-001,japan_100_castles,日本100名城,1,第1番,open,https://jokaku.jp/business/great-castles/,2026-07-21
japan_100_castles-002,jp-castle-002,japan_100_castles,日本100名城,2,第2番,open,https://jokaku.jp/business/great-castles/,2026-07-21
japan_100_castles-003,jp-castle-003,japan_100_castles,日本100名城,3,第3番,open,https://jokaku.jp/business/great-castles/,2026-07-21
japan_100_castles-004,jp-aomori-hirosaki-park-castle,japan_100_castles,日本100名城,4,第4番,open,https://jokaku.jp/business/great-castles/,2026-07-21
japan_100_castles-005,jp-castle-005,japan_100_castles,日本100名城,5,第5番,open,https://jokaku.jp/business/great-castles/,2026-07-21
japan_100_castles-006,jp-castle-006,japan_100_castles,日本100名城,6,第6番,open,https://jokaku.jp/business/great-castles/,2026-07-21
japan_100_castles-007,jp-castle-007,japan_100_castles,日本100名城,7,第7番,open,https://jokaku.jp/business/great-castles/,2026-07-21
japan_100_castles-008,jp-castle-008,japan_100_castles,日本100名城,8,第8番,open,https://jokaku.jp/business/great-castles/,2026-07-21
japan_100_castles-009,jp-castle-009,japan_100_castles,日本100名城,9,第9番,open,https://jokaku.jp/business/great-castles/,2026-07-21
japan_100_castles-010,jp-castle-010,japan_100_castles,日本100名城,10,第10番,open,https://jokaku.jp/business/great-castles/,2026-07-21
japan_100_castles-011,jp-castle-011,japan_100_castles,日本100名城,11,第11番,open,https://jokaku.jp/business/great-castles/,2026-07-21
japan_100_castles-012,jp-fukushima-tsurugajo,japan_100_castles,日本100名城,12,第12番,open,https://jokaku.jp/business/great-castles/,2026-07-21
japan_100_castles-013,jp-castle-013,japan_100_castles,日本100名城,13,第13番,open,https://jokaku.jp/business/great-castles/,2026-07-21
japan_100_castles-014,jp-castle-014,japan_100_castles,日本100名城,14,第14番,open,https://jokaku.jp/business/great-castles/,2026-07-21
japan_100_castles-015,jp-castle-015,japan_100_castles,日本100名城,15,第15番,open,https://jokaku.jp/business/great-castles/,2026-07-21
japan_100_castles-016,jp-castle-016,japan_100_castles,日本100名城,16,第16番,open,https://jokaku.jp/business/great-castles/,2026-07-21
japan_100_castles-017,jp-castle-017,japan_100_castles,日本100名城,17,第17番,open,https://jokaku.jp/business/great-castles/,2026-07-21
japan_100_castles-018,jp-castle-018,japan_100_castles,日本100名城,18,第18番,open,https://jokaku.jp/business/great-castles/,2026-07-21
japan_100_castles-019,jp-castle-019,japan_100_castles,日本100名城,19,第19番,open,https://jokaku.jp/business/great-castles/,2026-07-21
japan_100_castles-020,jp-castle-020,japan_100_castles,日本100名城,20,第20番,open,https://jokaku.jp/business/great-castles/,2026-07-21
japan_100_castles-021,jp-castle-021,japan_100_castles,日本100名城,21,第21番,open,https://jokaku.jp/business/great-castles/,2026-07-21
japan_100_castles-022,jp-castle-022,japan_100_castles,日本100名城,22,第22番,open,https://jokaku.jp/business/great-castles/,2026-07-21
japan_100_castles-023,jp-castle-023,japan_100_castles,日本100名城,23,第23番,open,https://jokaku.jp/business/great-castles/,2026-07-21
japan_100_castles-024,jp-castle-024,japan_100_castles,日本100名城,24,第24番,open,https://jokaku.jp/business/great-castles/,2026-07-21
japan_100_castles-025,jp-castle-025,japan_100_castles,日本100名城,25,第25番,open,https://jokaku.jp/business/great-castles/,2026-07-21
japan_100_castles-026,jp-castle-026,japan_100_castles,日本100名城,26,第26番,open,https://jokaku.jp/business/great-castles/,2026-07-21
japan_100_castles-027,jp-castle-027,japan_100_castles,日本100名城,27,第27番,open,https://jokaku.jp/business/great-castles/,2026-07-21
japan_100_castles-028,jp-castle-028,japan_100_castles,日本100名城,28,第28番,open,https://jokaku.jp/business/great-castles/,2026-07-21
japan_100_castles-029,jp-nagano-matsumoto-castle,japan_100_castles,日本100名城,29,第29番,open,https://jokaku.jp/business/great-castles/,2026-07-21
japan_100_castles-030,jp-castle-030,japan_100_castles,日本100名城,30,第30番,open,https://jokaku.jp/business/great-castles/,2026-07-21
japan_100_castles-031,jp-castle-031,japan_100_castles,日本100名城,31,第31番,open,https://jokaku.jp/business/great-castles/,2026-07-21
japan_100_castles-032,jp-castle-032,japan_100_castles,日本100名城,32,第32番,open,https://jokaku.jp/business/great-castles/,2026-07-21
japan_100_castles-033,jp-castle-033,japan_100_castles,日本100名城,33,第33番,open,https://jokaku.jp/business/great-castles/,2026-07-21
japan_100_castles-034,jp-castle-034,japan_100_castles,日本100名城,34,第34番,open,https://jokaku.jp/business/great-castles/,2026-07-21
japan_100_castles-035,jp-ishikawa-kanazawa-castle-park,japan_100_castles,日本100名城,35,第35番,open,https://jokaku.jp/business/great-castles/,2026-07-21
japan_100_castles-036,jp-castle-036,japan_100_castles,日本100名城,36,第36番,open,https://jokaku.jp/business/great-castles/,2026-07-21
japan_100_castles-037,jp-castle-037,japan_100_castles,日本100名城,37,第37番,open,https://jokaku.jp/business/great-castles/,2026-07-21
japan_100_castles-038,jp-castle-038,japan_100_castles,日本100名城,38,第38番,open,https://jokaku.jp/business/great-castles/,2026-07-21
japan_100_castles-039,jp-castle-039,japan_100_castles,日本100名城,39,第39番,open,https://jokaku.jp/business/great-castles/,2026-07-21
japan_100_castles-040,jp-castle-040,japan_100_castles,日本100名城,40,第40番,open,https://jokaku.jp/business/great-castles/,2026-07-21
japan_100_castles-041,jp-castle-041,japan_100_castles,日本100名城,41,第41番,open,https://jokaku.jp/business/great-castles/,2026-07-21
japan_100_castles-042,jp-castle-042,japan_100_castles,日本100名城,42,第42番,open,https://jokaku.jp/business/great-castles/,2026-07-21
japan_100_castles-043,jp-castle-043,japan_100_castles,日本100名城,43,第43番,open,https://jokaku.jp/business/great-castles/,2026-07-21
japan_100_castles-044,jp-aichi-nagoya-castle,japan_100_castles,日本100名城,44,第44番,open,https://jokaku.jp/business/great-castles/,2026-07-21
japan_100_castles-045,jp-castle-045,japan_100_castles,日本100名城,45,第45番,open,https://jokaku.jp/business/great-castles/,2026-07-21
japan_100_castles-046,jp-castle-046,japan_100_castles,日本100名城,46,第46番,open,https://jokaku.jp/business/great-castles/,2026-07-21
japan_100_castles-047,jp-castle-047,japan_100_castles,日本100名城,47,第47番,open,https://jokaku.jp/business/great-castles/,2026-07-21
japan_100_castles-048,jp-castle-048,japan_100_castles,日本100名城,48,第48番,open,https://jokaku.jp/business/great-castles/,2026-07-21
japan_100_castles-049,jp-castle-049,japan_100_castles,日本100名城,49,第49番,open,https://jokaku.jp/business/great-castles/,2026-07-21
japan_100_castles-050,jp-shiga-hikone-castle,japan_100_castles,日本100名城,50,第50番,open,https://jokaku.jp/business/great-castles/,2026-07-21
japan_100_castles-051,jp-castle-051,japan_100_castles,日本100名城,51,第51番,open,https://jokaku.jp/business/great-castles/,2026-07-21
japan_100_castles-052,jp-castle-052,japan_100_castles,日本100名城,52,第52番,open,https://jokaku.jp/business/great-castles/,2026-07-21
japan_100_castles-053,jp-castle-053,japan_100_castles,日本100名城,53,第53番,open,https://jokaku.jp/business/great-castles/,2026-07-21
japan_100_castles-054,jp-osaka-osaka-castle-museum,japan_100_castles,日本100名城,54,第54番,open,https://jokaku.jp/business/great-castles/,2026-07-21
japan_100_castles-055,jp-castle-055,japan_100_castles,日本100名城,55,第55番,open,https://jokaku.jp/business/great-castles/,2026-07-21
japan_100_castles-056,jp-castle-056,japan_100_castles,日本100名城,56,第56番,open,https://jokaku.jp/business/great-castles/,2026-07-21
japan_100_castles-057,jp-castle-057,japan_100_castles,日本100名城,57,第57番,open,https://jokaku.jp/business/great-castles/,2026-07-21
japan_100_castles-058,jp-castle-058,japan_100_castles,日本100名城,58,第58番,open,https://jokaku.jp/business/great-castles/,2026-07-21
japan_100_castles-059,jp-hyogo-himeji-castle,japan_100_castles,日本100名城,59,第59番,open,https://jokaku.jp/business/great-castles/,2026-07-21
japan_100_castles-060,jp-castle-060,japan_100_castles,日本100名城,60,第60番,open,https://jokaku.jp/business/great-castles/,2026-07-21
japan_100_castles-061,jp-castle-061,japan_100_castles,日本100名城,61,第61番,open,https://jokaku.jp/business/great-castles/,2026-07-21
japan_100_castles-062,jp-castle-062,japan_100_castles,日本100名城,62,第62番,open,https://jokaku.jp/business/great-castles/,2026-07-21
japan_100_castles-063,jp-castle-063,japan_100_castles,日本100名城,63,第63番,open,https://jokaku.jp/business/great-castles/,2026-07-21
japan_100_castles-064,jp-shimane-matsue-castle,japan_100_castles,日本100名城,64,第64番,open,https://jokaku.jp/business/great-castles/,2026-07-21
japan_100_castles-065,jp-castle-065,japan_100_castles,日本100名城,65,第65番,open,https://jokaku.jp/business/great-castles/,2026-07-21
japan_100_castles-066,jp-castle-066,japan_100_castles,日本100名城,66,第66番,open,https://jokaku.jp/business/great-castles/,2026-07-21
japan_100_castles-067,jp-castle-067,japan_100_castles,日本100名城,67,第67番,open,https://jokaku.jp/business/great-castles/,2026-07-21
japan_100_castles-068,jp-castle-068,japan_100_castles,日本100名城,68,第68番,open,https://jokaku.jp/business/great-castles/,2026-07-21
japan_100_castles-069,jp-castle-069,japan_100_castles,日本100名城,69,第69番,open,https://jokaku.jp/business/great-castles/,2026-07-21
japan_100_castles-070,jp-castle-070,japan_100_castles,日本100名城,70,第70番,open,https://jokaku.jp/business/great-castles/,2026-07-21
japan_100_castles-071,jp-castle-071,japan_100_castles,日本100名城,71,第71番,open,https://jokaku.jp/business/great-castles/,2026-07-21
japan_100_castles-072,jp-castle-072,japan_100_castles,日本100名城,72,第72番,open,https://jokaku.jp/business/great-castles/,2026-07-21
japan_100_castles-073,jp-castle-073,japan_100_castles,日本100名城,73,第73番,open,https://jokaku.jp/business/great-castles/,2026-07-21
japan_100_castles-074,jp-castle-074,japan_100_castles,日本100名城,74,第74番,open,https://jokaku.jp/business/great-castles/,2026-07-21
japan_100_castles-075,jp-castle-075,japan_100_castles,日本100名城,75,第75番,open,https://jokaku.jp/business/great-castles/,2026-07-21
japan_100_castles-076,jp-castle-076,japan_100_castles,日本100名城,76,第76番,open,https://jokaku.jp/business/great-castles/,2026-07-21
japan_100_castles-077,jp-castle-077,japan_100_castles,日本100名城,77,第77番,open,https://jokaku.jp/business/great-castles/,2026-07-21
japan_100_castles-078,jp-castle-078,japan_100_castles,日本100名城,78,第78番,open,https://jokaku.jp/business/great-castles/,2026-07-21
japan_100_castles-079,jp-castle-079,japan_100_castles,日本100名城,79,第79番,open,https://jokaku.jp/business/great-castles/,2026-07-21
japan_100_castles-080,jp-castle-080,japan_100_castles,日本100名城,80,第80番,open,https://jokaku.jp/business/great-castles/,2026-07-21
japan_100_castles-081,jp-ehime-matsuyama-castle,japan_100_castles,日本100名城,81,第81番,open,https://jokaku.jp/business/great-castles/,2026-07-21
japan_100_castles-082,jp-castle-082,japan_100_castles,日本100名城,82,第82番,open,https://jokaku.jp/business/great-castles/,2026-07-21
japan_100_castles-083,jp-castle-083,japan_100_castles,日本100名城,83,第83番,open,https://jokaku.jp/business/great-castles/,2026-07-21
japan_100_castles-084,jp-kochi-kochi-castle,japan_100_castles,日本100名城,84,第84番,open,https://jokaku.jp/business/great-castles/,2026-07-21
japan_100_castles-085,jp-castle-085,japan_100_castles,日本100名城,85,第85番,open,https://jokaku.jp/business/great-castles/,2026-07-21
japan_100_castles-086,jp-castle-086,japan_100_castles,日本100名城,86,第86番,open,https://jokaku.jp/business/great-castles/,2026-07-21
japan_100_castles-087,jp-castle-087,japan_100_castles,日本100名城,87,第87番,open,https://jokaku.jp/business/great-castles/,2026-07-21
japan_100_castles-088,jp-saga-yoshinogari-historical-park,japan_100_castles,日本100名城,88,第88番,open,https://jokaku.jp/business/great-castles/,2026-07-21
japan_100_castles-089,jp-castle-089,japan_100_castles,日本100名城,89,第89番,open,https://jokaku.jp/business/great-castles/,2026-07-21
japan_100_castles-090,jp-castle-090,japan_100_castles,日本100名城,90,第90番,open,https://jokaku.jp/business/great-castles/,2026-07-21
japan_100_castles-091,jp-castle-091,japan_100_castles,日本100名城,91,第91番,open,https://jokaku.jp/business/great-castles/,2026-07-21
japan_100_castles-092,jp-kumamoto-kumamoto-castle,japan_100_castles,日本100名城,92,第92番,open,https://jokaku.jp/business/great-castles/,2026-07-21
japan_100_castles-093,jp-castle-093,japan_100_castles,日本100名城,93,第93番,open,https://jokaku.jp/business/great-castles/,2026-07-21
japan_100_castles-094,jp-castle-094,japan_100_castles,日本100名城,94,第94番,open,https://jokaku.jp/business/great-castles/,2026-07-21
japan_100_castles-095,jp-castle-095,japan_100_castles,日本100名城,95,第95番,open,https://jokaku.jp/business/great-castles/,2026-07-21
japan_100_castles-096,jp-castle-096,japan_100_castles,日本100名城,96,第96番,open,https://jokaku.jp/business/great-castles/,2026-07-21
japan_100_castles-097,jp-castle-097,japan_100_castles,日本100名城,97,第97番,open,https://jokaku.jp/business/great-castles/,2026-07-21
japan_100_castles-098,jp-castle-098,japan_100_castles,日本100名城,98,第98番,open,https://jokaku.jp/business/great-castles/,2026-07-21
japan_100_castles-099,jp-castle-099,japan_100_castles,日本100名城,99,第99番,open,https://jokaku.jp/business/great-castles/,2026-07-21
japan_100_castles-100,jp-okinawa-shurijo-castle-park,japan_100_castles,日本100名城,100,第100番,open,https://jokaku.jp/business/great-castles/,2026-07-21
continued_japan_100_castles-101,jp-castle-101,continued_japan_100_castles,続日本100名城,101,第101番,open,https://jokaku.jp/business/great-castles-sequel/,2026-07-21
continued_japan_100_castles-102,jp-castle-102,continued_japan_100_castles,続日本100名城,102,第102番,open,https://jokaku.jp/business/great-castles-sequel/,2026-07-21
continued_japan_100_castles-103,jp-castle-103,continued_japan_100_castles,続日本100名城,103,第103番,open,https://jokaku.jp/business/great-castles-sequel/,2026-07-21
continued_japan_100_castles-104,jp-castle-104,continued_japan_100_castles,続日本100名城,104,第104番,open,https://jokaku.jp/business/great-castles-sequel/,2026-07-21
continued_japan_100_castles-105,jp-castle-105,continued_japan_100_castles,続日本100名城,105,第105番,open,https://jokaku.jp/business/great-castles-sequel/,2026-07-21
continued_japan_100_castles-106,jp-castle-106,continued_japan_100_castles,続日本100名城,106,第106番,open,https://jokaku.jp/business/great-castles-sequel/,2026-07-21
continued_japan_100_castles-107,jp-castle-107,continued_japan_100_castles,続日本100名城,107,第107番,open,https://jokaku.jp/business/great-castles-sequel/,2026-07-21
continued_japan_100_castles-108,jp-castle-108,continued_japan_100_castles,続日本100名城,108,第108番,open,https://jokaku.jp/business/great-castles-sequel/,2026-07-21
continued_japan_100_castles-109,jp-castle-109,continued_japan_100_castles,続日本100名城,109,第109番,open,https://jokaku.jp/business/great-castles-sequel/,2026-07-21
continued_japan_100_castles-110,jp-castle-110,continued_japan_100_castles,続日本100名城,110,第110番,open,https://jokaku.jp/business/great-castles-sequel/,2026-07-21
continued_japan_100_castles-111,jp-castle-111,continued_japan_100_castles,続日本100名城,111,第111番,open,https://jokaku.jp/business/great-castles-sequel/,2026-07-21
continued_japan_100_castles-112,jp-castle-112,continued_japan_100_castles,続日本100名城,112,第112番,open,https://jokaku.jp/business/great-castles-sequel/,2026-07-21
continued_japan_100_castles-113,jp-castle-113,continued_japan_100_castles,続日本100名城,113,第113番,open,https://jokaku.jp/business/great-castles-sequel/,2026-07-21
continued_japan_100_castles-114,jp-castle-114,continued_japan_100_castles,続日本100名城,114,第114番,open,https://jokaku.jp/business/great-castles-sequel/,2026-07-21
continued_japan_100_castles-115,jp-castle-115,continued_japan_100_castles,続日本100名城,115,第115番,open,https://jokaku.jp/business/great-castles-sequel/,2026-07-21
continued_japan_100_castles-116,jp-castle-116,continued_japan_100_castles,続日本100名城,116,第116番,open,https://jokaku.jp/business/great-castles-sequel/,2026-07-21
continued_japan_100_castles-117,jp-castle-117,continued_japan_100_castles,続日本100名城,117,第117番,open,https://jokaku.jp/business/great-castles-sequel/,2026-07-21
continued_japan_100_castles-118,jp-castle-118,continued_japan_100_castles,続日本100名城,118,第118番,open,https://jokaku.jp/business/great-castles-sequel/,2026-07-21
continued_japan_100_castles-119,jp-castle-119,continued_japan_100_castles,続日本100名城,119,第119番,open,https://jokaku.jp/business/great-castles-sequel/,2026-07-21
continued_japan_100_castles-120,jp-castle-120,continued_japan_100_castles,続日本100名城,120,第120番,open,https://jokaku.jp/business/great-castles-sequel/,2026-07-21
continued_japan_100_castles-121,jp-castle-121,continued_japan_100_castles,続日本100名城,121,第121番,open,https://jokaku.jp/business/great-castles-sequel/,2026-07-21
continued_japan_100_castles-122,jp-castle-122,continued_japan_100_castles,続日本100名城,122,第122番,open,https://jokaku.jp/business/great-castles-sequel/,2026-07-21
continued_japan_100_castles-123,jp-castle-123,continued_japan_100_castles,続日本100名城,123,第123番,open,https://jokaku.jp/business/great-castles-sequel/,2026-07-21
continued_japan_100_castles-124,jp-castle-124,continued_japan_100_castles,続日本100名城,124,第124番,open,https://jokaku.jp/business/great-castles-sequel/,2026-07-21
continued_japan_100_castles-125,jp-castle-125,continued_japan_100_castles,続日本100名城,125,第125番,open,https://jokaku.jp/business/great-castles-sequel/,2026-07-21
continued_japan_100_castles-126,jp-castle-126,continued_japan_100_castles,続日本100名城,126,第126番,open,https://jokaku.jp/business/great-castles-sequel/,2026-07-21
continued_japan_100_castles-127,jp-castle-127,continued_japan_100_castles,続日本100名城,127,第127番,open,https://jokaku.jp/business/great-castles-sequel/,2026-07-21
continued_japan_100_castles-128,jp-castle-128,continued_japan_100_castles,続日本100名城,128,第128番,open,https://jokaku.jp/business/great-castles-sequel/,2026-07-21
continued_japan_100_castles-129,jp-castle-129,continued_japan_100_castles,続日本100名城,129,第129番,open,https://jokaku.jp/business/great-castles-sequel/,2026-07-21
continued_japan_100_castles-130,jp-castle-130,continued_japan_100_castles,続日本100名城,130,第130番,open,https://jokaku.jp/business/great-castles-sequel/,2026-07-21
continued_japan_100_castles-131,jp-castle-131,continued_japan_100_castles,続日本100名城,131,第131番,open,https://jokaku.jp/business/great-castles-sequel/,2026-07-21
continued_japan_100_castles-132,jp-castle-132,continued_japan_100_castles,続日本100名城,132,第132番,open,https://jokaku.jp/business/great-castles-sequel/,2026-07-21
continued_japan_100_castles-133,jp-castle-133,continued_japan_100_castles,続日本100名城,133,第133番,open,https://jokaku.jp/business/great-castles-sequel/,2026-07-21
continued_japan_100_castles-134,jp-castle-134,continued_japan_100_castles,続日本100名城,134,第134番,open,https://jokaku.jp/business/great-castles-sequel/,2026-07-21
continued_japan_100_castles-135,jp-castle-135,continued_japan_100_castles,続日本100名城,135,第135番,open,https://jokaku.jp/business/great-castles-sequel/,2026-07-21
continued_japan_100_castles-136,jp-castle-136,continued_japan_100_castles,続日本100名城,136,第136番,open,https://jokaku.jp/business/great-castles-sequel/,2026-07-21
continued_japan_100_castles-137,jp-castle-137,continued_japan_100_castles,続日本100名城,137,第137番,open,https://jokaku.jp/business/great-castles-sequel/,2026-07-21
continued_japan_100_castles-138,jp-castle-138,continued_japan_100_castles,続日本100名城,138,第138番,open,https://jokaku.jp/business/great-castles-sequel/,2026-07-21
continued_japan_100_castles-139,jp-castle-139,continued_japan_100_castles,続日本100名城,139,第139番,open,https://jokaku.jp/business/great-castles-sequel/,2026-07-21
continued_japan_100_castles-140,jp-castle-140,continued_japan_100_castles,続日本100名城,140,第140番,open,https://jokaku.jp/business/great-castles-sequel/,2026-07-21
continued_japan_100_castles-141,jp-castle-141,continued_japan_100_castles,続日本100名城,141,第141番,open,https://jokaku.jp/business/great-castles-sequel/,2026-07-21
continued_japan_100_castles-142,jp-castle-142,continued_japan_100_castles,続日本100名城,142,第142番,open,https://jokaku.jp/business/great-castles-sequel/,2026-07-21
continued_japan_100_castles-143,jp-castle-143,continued_japan_100_castles,続日本100名城,143,第143番,open,https://jokaku.jp/business/great-castles-sequel/,2026-07-21
continued_japan_100_castles-144,jp-castle-144,continued_japan_100_castles,続日本100名城,144,第144番,open,https://jokaku.jp/business/great-castles-sequel/,2026-07-21
continued_japan_100_castles-145,jp-castle-145,continued_japan_100_castles,続日本100名城,145,第145番,open,https://jokaku.jp/business/great-castles-sequel/,2026-07-21
continued_japan_100_castles-146,jp-castle-146,continued_japan_100_castles,続日本100名城,146,第146番,open,https://jokaku.jp/business/great-castles-sequel/,2026-07-21
continued_japan_100_castles-147,jp-castle-147,continued_japan_100_castles,続日本100名城,147,第147番,open,https://jokaku.jp/business/great-castles-sequel/,2026-07-21
continued_japan_100_castles-148,jp-castle-148,continued_japan_100_castles,続日本100名城,148,第148番,open,https://jokaku.jp/business/great-castles-sequel/,2026-07-21
continued_japan_100_castles-149,jp-castle-149,continued_japan_100_castles,続日本100名城,149,第149番,open,https://jokaku.jp/business/great-castles-sequel/,2026-07-21
continued_japan_100_castles-150,jp-castle-150,continued_japan_100_castles,続日本100名城,150,第150番,open,https://jokaku.jp/business/great-castles-sequel/,2026-07-21
continued_japan_100_castles-151,jp-castle-151,continued_japan_100_castles,続日本100名城,151,第151番,open,https://jokaku.jp/business/great-castles-sequel/,2026-07-21
continued_japan_100_castles-152,jp-castle-152,continued_japan_100_castles,続日本100名城,152,第152番,open,https://jokaku.jp/business/great-castles-sequel/,2026-07-21
continued_japan_100_castles-153,jp-castle-153,continued_japan_100_castles,続日本100名城,153,第153番,open,https://jokaku.jp/business/great-castles-sequel/,2026-07-21
continued_japan_100_castles-154,jp-castle-154,continued_japan_100_castles,続日本100名城,154,第154番,open,https://jokaku.jp/business/great-castles-sequel/,2026-07-21
continued_japan_100_castles-155,jp-castle-155,continued_japan_100_castles,続日本100名城,155,第155番,open,https://jokaku.jp/business/great-castles-sequel/,2026-07-21
continued_japan_100_castles-156,jp-castle-156,continued_japan_100_castles,続日本100名城,156,第156番,open,https://jokaku.jp/business/great-castles-sequel/,2026-07-21
continued_japan_100_castles-157,jp-castle-157,continued_japan_100_castles,続日本100名城,157,第157番,open,https://jokaku.jp/business/great-castles-sequel/,2026-07-21
continued_japan_100_castles-158,jp-castle-158,continued_japan_100_castles,続日本100名城,158,第158番,open,https://jokaku.jp/business/great-castles-sequel/,2026-07-21
continued_japan_100_castles-159,jp-castle-159,continued_japan_100_castles,続日本100名城,159,第159番,open,https://jokaku.jp/business/great-castles-sequel/,2026-07-21
continued_japan_100_castles-160,jp-castle-160,continued_japan_100_castles,続日本100名城,160,第160番,open,https://jokaku.jp/business/great-castles-sequel/,2026-07-21
continued_japan_100_castles-161,jp-castle-161,continued_japan_100_castles,続日本100名城,161,第161番,open,https://jokaku.jp/business/great-castles-sequel/,2026-07-21
continued_japan_100_castles-162,jp-castle-162,continued_japan_100_castles,続日本100名城,162,第162番,open,https://jokaku.jp/business/great-castles-sequel/,2026-07-21
continued_japan_100_castles-163,jp-castle-163,continued_japan_100_castles,続日本100名城,163,第163番,open,https://jokaku.jp/business/great-castles-sequel/,2026-07-21
continued_japan_100_castles-164,jp-castle-164,continued_japan_100_castles,続日本100名城,164,第164番,open,https://jokaku.jp/business/great-castles-sequel/,2026-07-21
continued_japan_100_castles-165,jp-castle-165,continued_japan_100_castles,続日本100名城,165,第165番,open,https://jokaku.jp/business/great-castles-sequel/,2026-07-21
continued_japan_100_castles-166,jp-castle-166,continued_japan_100_castles,続日本100名城,166,第166番,open,https://jokaku.jp/business/great-castles-sequel/,2026-07-21
continued_japan_100_castles-167,jp-castle-167,continued_japan_100_castles,続日本100名城,167,第167番,open,https://jokaku.jp/business/great-castles-sequel/,2026-07-21
continued_japan_100_castles-168,jp-castle-168,continued_japan_100_castles,続日本100名城,168,第168番,open,https://jokaku.jp/business/great-castles-sequel/,2026-07-21
continued_japan_100_castles-169,jp-castle-169,continued_japan_100_castles,続日本100名城,169,第169番,open,https://jokaku.jp/business/great-castles-sequel/,2026-07-21
continued_japan_100_castles-170,jp-castle-170,continued_japan_100_castles,続日本100名城,170,第170番,open,https://jokaku.jp/business/great-castles-sequel/,2026-07-21
continued_japan_100_castles-171,jp-castle-171,continued_japan_100_castles,続日本100名城,171,第171番,open,https://jokaku.jp/business/great-castles-sequel/,2026-07-21
continued_japan_100_castles-172,jp-castle-172,continued_japan_100_castles,続日本100名城,172,第172番,open,https://jokaku.jp/business/great-castles-sequel/,2026-07-21
continued_japan_100_castles-173,jp-castle-173,continued_japan_100_castles,続日本100名城,173,第173番,open,https://jokaku.jp/business/great-castles-sequel/,2026-07-21
continued_japan_100_castles-174,jp-castle-174,continued_japan_100_castles,続日本100名城,174,第174番,open,https://jokaku.jp/business/great-castles-sequel/,2026-07-21
continued_japan_100_castles-175,jp-castle-175,continued_japan_100_castles,続日本100名城,175,第175番,open,https://jokaku.jp/business/great-castles-sequel/,2026-07-21
continued_japan_100_castles-176,jp-castle-176,continued_japan_100_castles,続日本100名城,176,第176番,open,https://jokaku.jp/business/great-castles-sequel/,2026-07-21
continued_japan_100_castles-177,jp-castle-177,continued_japan_100_castles,続日本100名城,177,第177番,open,https://jokaku.jp/business/great-castles-sequel/,2026-07-21
continued_japan_100_castles-178,jp-castle-178,continued_japan_100_castles,続日本100名城,178,第178番,open,https://jokaku.jp/business/great-castles-sequel/,2026-07-21
continued_japan_100_castles-179,jp-castle-179,continued_japan_100_castles,続日本100名城,179,第179番,open,https://jokaku.jp/business/great-castles-sequel/,2026-07-21
continued_japan_100_castles-180,jp-castle-180,continued_japan_100_castles,続日本100名城,180,第180番,open,https://jokaku.jp/business/great-castles-sequel/,2026-07-21
continued_japan_100_castles-181,jp-castle-181,continued_japan_100_castles,続日本100名城,181,第181番,open,https://jokaku.jp/business/great-castles-sequel/,2026-07-21
continued_japan_100_castles-182,jp-castle-182,continued_japan_100_castles,続日本100名城,182,第182番,open,https://jokaku.jp/business/great-castles-sequel/,2026-07-21
continued_japan_100_castles-183,jp-castle-183,continued_japan_100_castles,続日本100名城,183,第183番,open,https://jokaku.jp/business/great-castles-sequel/,2026-07-21
continued_japan_100_castles-184,jp-castle-184,continued_japan_100_castles,続日本100名城,184,第184番,open,https://jokaku.jp/business/great-castles-sequel/,2026-07-21
continued_japan_100_castles-185,jp-castle-185,continued_japan_100_castles,続日本100名城,185,第185番,open,https://jokaku.jp/business/great-castles-sequel/,2026-07-21
continued_japan_100_castles-186,jp-castle-186,continued_japan_100_castles,続日本100名城,186,第186番,open,https://jokaku.jp/business/great-castles-sequel/,2026-07-21
continued_japan_100_castles-187,jp-castle-187,continued_japan_100_castles,続日本100名城,187,第187番,open,https://jokaku.jp/business/great-castles-sequel/,2026-07-21
continued_japan_100_castles-188,jp-castle-188,continued_japan_100_castles,続日本100名城,188,第188番,open,https://jokaku.jp/business/great-castles-sequel/,2026-07-21
continued_japan_100_castles-189,jp-castle-189,continued_japan_100_castles,続日本100名城,189,第189番,open,https://jokaku.jp/business/great-castles-sequel/,2026-07-21
continued_japan_100_castles-190,jp-castle-190,continued_japan_100_castles,続日本100名城,190,第190番,open,https://jokaku.jp/business/great-castles-sequel/,2026-07-21
continued_japan_100_castles-191,jp-castle-191,continued_japan_100_castles,続日本100名城,191,第191番,open,https://jokaku.jp/business/great-castles-sequel/,2026-07-21
continued_japan_100_castles-192,jp-castle-192,continued_japan_100_castles,続日本100名城,192,第192番,open,https://jokaku.jp/business/great-castles-sequel/,2026-07-21
continued_japan_100_castles-193,jp-castle-193,continued_japan_100_castles,続日本100名城,193,第193番,open,https://jokaku.jp/business/great-castles-sequel/,2026-07-21
continued_japan_100_castles-194,jp-castle-194,continued_japan_100_castles,続日本100名城,194,第194番,open,https://jokaku.jp/business/great-castles-sequel/,2026-07-21
continued_japan_100_castles-195,jp-castle-195,continued_japan_100_castles,続日本100名城,195,第195番,open,https://jokaku.jp/business/great-castles-sequel/,2026-07-21
continued_japan_100_castles-196,jp-castle-196,continued_japan_100_castles,続日本100名城,196,第196番,open,https://jokaku.jp/business/great-castles-sequel/,2026-07-21
continued_japan_100_castles-197,jp-castle-197,continued_japan_100_castles,続日本100名城,197,第197番,open,https://jokaku.jp/business/great-castles-sequel/,2026-07-21
continued_japan_100_castles-198,jp-castle-198,continued_japan_100_castles,続日本100名城,198,第198番,open,https://jokaku.jp/business/great-castles-sequel/,2026-07-21
continued_japan_100_castles-199,jp-castle-199,continued_japan_100_castles,続日本100名城,199,第199番,open,https://jokaku.jp/business/great-castles-sequel/,2026-07-21
continued_japan_100_castles-200,jp-castle-200,continued_japan_100_castles,続日本100名城,200,第200番,open,https://jokaku.jp/business/great-castles-sequel/,2026-07-21
